Job_Title,"Total _Years_of _Professional_Experience",Total_Compensation
"Senior Software Engineer","11 - 20 years",15975015
Director,"11 - 20 years",13913674
"Software Engineer","5-7 years",11894057
"Software Engineer","2 - 4 years",11210756
"Software Engineer","11 - 20 years",10352850
"Software Engineer","8 - 10 years",9583417
"Project Manager","11 - 20 years",9123313
"Product Manager","11 - 20 years",8320181
"Program Manager","11 - 20 years",7755266
"Senior Software Engineer","8 - 10 years",7381833
Manager,"11 - 20 years",5931470
"Project Manager","8 - 10 years",5793802
"Vice President","11 - 20 years",5374600
"Senior Software Engineer","5-7 years",4995011
"Program Manager","8 - 10 years",4898894
"Senior Manager","11 - 20 years",4783700
"Product Manager","8 - 10 years",4495242
Teacher,"11 - 20 years",4459492
"Executive Assistant","11 - 20 years",4289657
"Engineering Manager","11 - 20 years",4265236
Director,"21 - 30 years",4255650
Attorney,"11 - 20 years",4244764
"Senior Software Engineer","21 - 30 years",4173743
Librarian,"11 - 20 years",4153406
Controller,"11 - 20 years",4073051
"Executive Director","11 - 20 years",3974600
"Executive Assistant","21 - 30 years",3879219
"Project Manager","5-7 years",3849014
"Software Developer","11 - 20 years",3787350
Director,"8 - 10 years",3742500
"Product Manager","5-7 years",3741970
"Assistant Professor","5-7 years",3734319
"Associate Director","11 - 20 years",3733771
"Operations Manager","11 - 20 years",3437816
"Project Manager","21 - 30 years",3422691
"Senior Project Manager","11 - 20 years",3197120
"Marketing Manager","11 - 20 years",3175250
Consultant,"11 - 20 years",3148700
"Data Scientist","5-7 years",3099680
"Assistant Professor","11 - 20 years",3090452
Manager,"8 - 10 years",3089675
"HR  Manager","11 - 20 years",3033298
"Marketing Manager","8 - 10 years",2986817
"Senior Product Manager","11 - 20 years",2949970
Attorney,"8 - 10 years",2945500
"Engineering Manager","8 - 10 years",2937085
Associate,"5-7 years",2918120
Analyst,"11 - 20 years",2797931
"Director Of Operations","11 - 20 years",2789700
"Assistant Director","11 - 20 years",2758350
"Associate Professor","11 - 20 years",2757867
"Senior Software Engineer","2 - 4 years",2755000
"Data Analyst","8 - 10 years",2735043
"Program Manager","5-7 years",2731825
"Senior Engineer","11 - 20 years",2718110
"Registered Nurse","11 - 20 years",2701960
"Data Scientist","2 - 4 years",2670950
"Data Analyst","5-7 years",2574650
Manager,"21 - 30 years",2558183
"Associate Attorney","5-7 years",2524490
"Senior Consultant","8 - 10 years",2510500
"Software Developer","5-7 years",2461131
"Senior Software Developer","11 - 20 years",2460037
"Account Manager","11 - 20 years",2446720
"Office Manager","11 - 20 years",2417024
"Software Developer","2 - 4 years",2396070
"Marketing Director","11 - 20 years",2387232
"Executive Director","21 - 30 years",2380096
"Senior Manager","8 - 10 years",2368500
"Lead Software Engineer","11 - 20 years",2301400
"HR  Director","11 - 20 years",2287000
"Software Engineer II","5-7 years",2279461
"Executive Assistant","8 - 10 years",2253623
"Principal Software Engineer","11 - 20 years",2240300
"Data Analyst","2 - 4 years",2234850
Associate,"2 - 4 years",2229970
Attorney,"5-7 years",2210280
Manager,"5-7 years",2189722
"Chief Of Staff","11 - 20 years",2182800
"Director Of Engineering","11 - 20 years",2140500
"Program Manager","21 - 30 years",2106650
"Nurse Practitioner","11 - 20 years",2100270
Teacher,"21 - 30 years",2098367
"Software Engineer","1 year or less",2072105
"Senior Consultant","11 - 20 years",2065350
Librarian,"21 - 30 years",2065042
"Software Engineer Ii","2 - 4 years",2053371
"Staff Software Engineer","11 - 20 years",2041200
"Associate Attorney","11 - 20 years",2017500
"Accounting Manager","11 - 20 years",2011580
"Administrative Assistant","11 - 20 years",1997929
"Director Of Marketing","11 - 20 years",1972263
Consultant,"5-7 years",1944445
Paralegal,"11 - 20 years",1940350
"Data Scientist","11 - 20 years",1940200
"Senior Director","11 - 20 years",1931000
"Project Manager","2 - 4 years",1930660
"Senior Manager","21 - 30 years",1923462
Teacher,"8 - 10 years",1910560
Librarian,"8 - 10 years",1907453
"Director Of Human Resources","11 - 20 years",1901700
"Marketing Manager","5-7 years",1900800
"Senior Analyst","5-7 years",1898220
Editor,"11 - 20 years",1897292
"Office Manager","21 - 30 years",1893294
"Senior Program Manager","11 - 20 years",1856899
"Software Engineer","21 - 30 years",1855750
"Program Director","11 - 20 years",1841249
Director,"5-7 years",1813758
"Senior Associate","5-7 years",1774959
"Business Analyst","11 - 20 years",1749200
"Software Engineering Manager","11 - 20 years",1749000
Consultant,"8 - 10 years",1744210
"Business Analyst","8 - 10 years",1742156
"Engineering Manager","21 - 30 years",1740023
Professor,"21 - 30 years",1719700
"Senior Data Scientist","5-7 years",1718500
Associate,"8 - 10 years",1709680
"Principal Software Engineer","21 - 30 years",1685854
"Business Analyst","5-7 years",1679065
Librarian,"5-7 years",1669700
"General Manager","11 - 20 years",1653965
"Senior Analyst","11 - 20 years",1653931
"Associate Director","8 - 10 years",1648838
"Director Of Development","11 - 20 years",1645700
"Data Analyst","11 - 20 years",1638300
"Principal Engineer","11 - 20 years",1636660
"Registered Nurse","21 - 30 years",1614565
Attorney,"21 - 30 years",1606126
"IT Manager","11 - 20 years",1588720
"Administrative Assistant","5-7 years",1585795
"HR  Manager","8 - 10 years",1579758
"Senior Associate","8 - 10 years",1575000
"Finance Manager","11 - 20 years",1569603
"Associate Attorney","8 - 10 years",1565400
"Software Developer","8 - 10 years",1561539
"Assistant Professor","8 - 10 years",1561535
"Mechanical Engineer","5-7 years",1548820
"Senior Editor","11 - 20 years",1547685
"Account Executive","11 - 20 years",1540300
"Senior User Experience (UX)  Designer","11 - 20 years",1515000
Analyst,"2 - 4 years",1497290
"Operations Manager","21 - 30 years",1490742
Teacher,"5-7 years",1483339
"Communication Manager","11 - 20 years",1479600
"Executive Assistant","5-7 years",1470640
"Registered Nurse","8 - 10 years",1445052
"Data Scientist","8 - 10 years",1439625
"Project Engineer","11 - 20 years",1436090
"Vice President","21 - 30 years",1432765
"Product Manager","2 - 4 years",1432000
Counsel,"11 - 20 years",1431330
"Executive Assistant","31 - 40 years",1429800
"Director Of It","21 - 30 years",1424600
"Operations Manager","8 - 10 years",1406095
"Technical Writer","11 - 20 years",1372000
"Senior Project Manager","8 - 10 years",1348200
"Operations Manager","5-7 years",1345695
Analyst,"5-7 years",1342600
"Staff Software Engineer","21 - 30 years",1341800
"Account Manager","8 - 10 years",1340500
"Senior Director","21 - 30 years",1334500
"Assistant Director","8 - 10 years",1332975
"Director Of Communications","11 - 20 years",1324355
"Senior Analyst","8 - 10 years",1319929
"Vice President","8 - 10 years",1315800
"CEO (Chief Executive Officer)","11 - 20 years",1309000
Supervisor,"11 - 20 years",1305311
"Graphic Designer","11 - 20 years",1289940
"Director Of HR","11 - 20 years",1269509
"Solutions Architect","11 - 20 years",1262000
"IT Manager","21 - 30 years",1260600
"HR  Manager","21 - 30 years",1257317
"Engineering Manager","5-7 years",1251970
"Associate Director","21 - 30 years",1244700
"Senior Project Manager","21 - 30 years",1244055
"Communications Director","11 - 20 years",1243740
"Senior Developer","11 - 20 years",1241800
"Software Development Manager","11 - 20 years",1236000
"Senior Program Manager","5-7 years",1233263
"Senior Business Systems Analyst","8 - 10 years",1233000
"Business Analyst","2 - 4 years",1229100
"Managing Director","11 - 20 years",1228520
"Program Manager","2 - 4 years",1227454
"Compliance Manager","11 - 20 years",1223520
"Senior Marketing Manager","11 - 20 years",1221600
"Account Manager","5-7 years",1220800
Consultant,"2 - 4 years",1220299
"HR  Generalist","11 - 20 years",1218430
"Financial Analyst","2 - 4 years",1217980
"Senior Program Manager","8 - 10 years",1211750
Partner,"11 - 20 years",1211200
"Senior Product Manager","8 - 10 years",1209695
Manager,"31 - 40 years",1205200
"Technical Writer","5-7 years",1204420
"Senior Marketing Manager","8 - 10 years",1204100
"HR  Director","21 - 30 years",1199450
"Program Coordinator","5-7 years",1188672
Professor,"11 - 20 years",1187000
Associate,"11 - 20 years",1184500
"Senior Associate","11 - 20 years",1181500
"Senior Software Developer","8 - 10 years",1181100
"Customer Success Manager","11 - 20 years",1178750
"Systems Engineer","11 - 20 years",1175200
"Customer Success Manager","5-7 years",1173025
"Software Developer","21 - 30 years",1164110
"Senior Scientist","11 - 20 years",1163700
"Associate Attorney","2 - 4 years",1151260
"Library Director","11 - 20 years",1145220
"Senior Program Manager","21 - 30 years",1142770
"Web Developer","11 - 20 years",1137250
"Principal Consultant","11 - 20 years",1137000
Editor,"8 - 10 years",1131500
"Director Of Human Resources","21 - 30 years",1127380
Scientist,"5-7 years",1126900
Engineer,"11 - 20 years",1126324
"Administrative Assistant","2 - 4 years",1124640
"Site Reliability Engineer","11 - 20 years",1120500
"Human Resources Manager","11 - 20 years",1117315
"Deputy Director","11 - 20 years",1117100
"Office Manager","8 - 10 years",1112442
Editor,"21 - 30 years",1110876
"Security Engineer","11 - 20 years",1107257
"Project Coordinator","5-7 years",1103868
"Senior Accountant","11 - 20 years",1100550
"Staff Attorney","5-7 years",1093645
"Process Engineer","5-7 years",1090054
"Senior Project Engineer","11 - 20 years",1086000
"Product Owner","11 - 20 years",1085045
"Research Scientist","5-7 years",1083532
"Development Director","11 - 20 years",1079500
"Director Of Operations","8 - 10 years",1077400
"Site Reliability Engineer","21 - 30 years",1072000
"Project Engineer","5-7 years",1063825
"Instructional Designer","11 - 20 years",1063671
"Software Architect","11 - 20 years",1062384
"Technical Writer","21 - 30 years",1059117
"Senior Project Manager","5-7 years",1056600
"Account Executive","5-7 years",1056000
"Associate Professor","21 - 30 years",1054579
"Senior Engineer","21 - 30 years",1050000
"Administrative Assistant","8 - 10 years",1043990
"Principal Engineer","21 - 30 years",1043598
"Process Engineer","2 - 4 years",1042100
Consultant,"21 - 30 years",1041161
"User Experience(UX)  Designer","2 - 4 years",1040000
"Staff Accountant","11 - 20 years",1036153
"Business Systems Analyst","11 - 20 years",1034524
"Program Coordinator","11 - 20 years",1031002
Paralegal,"8 - 10 years",1025111
"Senior Data Scientist","2 - 4 years",1025100
Analyst,"8 - 10 years",1021380
"Communication Manager","5-7 years",1021000
Attorney,"2 - 4 years",1016050
"CEO (Chief Executive Officer)","21 - 30 years",1011000
"Human Resources Manager","21 - 30 years",1009050
"Development Manager","11 - 20 years",1001698
"Senior Data Analyst","5-7 years",999000
"Senior Engineer","8 - 10 years",998500
"Senior Financial Analyst","8 - 10 years",996015
"Senior Business Analyst","11 - 20 years",979029
"Assistant Professor","2 - 4 years",978100
"Managing Editor","11 - 20 years",974040
Paralegal,"21 - 30 years",973769
"Solution Architect","11 - 20 years",973600
"Marketing Director","8 - 10 years",969500
Associate,"1 year or less",962000
Coordinator,"11 - 20 years",961436
Underwriter,"11 - 20 years",957400
"Senior Data Scientist","8 - 10 years",952000
"Staff Engineer","11 - 20 years",950666
"Senior Business Analyst","21 - 30 years",947850
"Staff Attorney","8 - 10 years",945291
"Library Director","21 - 30 years",944232
"Senior Product Designer","8 - 10 years",944000
"Senior Software Developer","21 - 30 years",942700
"Product Manager","21 - 30 years",935845
"Customer Success Manager","8 - 10 years",933550
"Business Development Manager","8 - 10 years",922000
"Senior Vice President","11 - 20 years",916000
"Senior Devops Engineer","11 - 20 years",912200
"Communication Manager","8 - 10 years",910522
"Program Analyst","11 - 20 years",910492
"Data Engineer","8 - 10 years",909690
"Accounting Manager","8 - 10 years",908550
"Technical Program Manager","11 - 20 years",903808
Partner,"21 - 30 years",901000
"Product Owner","8 - 10 years",892860
"IT Director","21 - 30 years",892325
"Director Of Development","8 - 10 years",892100
"Senior Counsel","11 - 20 years",890500
"Branch Manager","11 - 20 years",885717
"Senior Manager","5-7 years",885000
"Director Of Programs","11 - 20 years",884940
"Registered Nurse","5-7 years",875661
"Senior Editor","21 - 30 years",875200
"Policy Analyst","11 - 20 years",873790
"Senior Associate","2 - 4 years",872000
"Principal Software Engineer","8 - 10 years",871900
"Graphic Designer","8 - 10 years",867038
"Director Of Engineering","21 - 30 years",866000
"Product Marketing Manager","5-7 years",865900
"Research Associate","2 - 4 years",863711
"Special Education Teacher","11 - 20 years",859000
"Executive Director","8 - 10 years",855651
"Training Manager","11 - 20 years",849700
"Systems Engineer","2 - 4 years",849500
"Executive Assistant","2 - 4 years",846107
Architect,"11 - 20 years",842958
"DevOps Engineer","5-7 years",842352
"General Counsel","11 - 20 years",842000
"Software Architect","21 - 30 years",842000
Pharmacist,"5-7 years",841432
"HR  Business Partner","11 - 20 years",841062
Scientist,"8 - 10 years",840700
"Team Lead","8 - 10 years",839904
"Research Scientist","2 - 4 years",839053
"Assistant Vice President","11 - 20 years",833000
"Instructional Designer","8 - 10 years",830726
Analyst,"1 year or less",830700
"Materials Engineer","2 - 4 years",829000
"Senior Consultant","2 - 4 years",824693
Scientist,"2 - 4 years",818400
Coordinator,"8 - 10 years",818398
Lecturer,"11 - 20 years",816100
Accountant,"11 - 20 years",813650
"Finance Manager","8 - 10 years",813000
"Digital Marketing Manager","8 - 10 years",813000
Teacher,"2 - 4 years",811780
"Data Analyst","21 - 30 years",808937
"Social Media Manager","11 - 20 years",808240
"Account Director","11 - 20 years",807500
Accountant,"21 - 30 years",803000
Controller,"21 - 30 years",802360
"Research Manager","5-7 years",801800
"Associate General Counsel","11 - 20 years",801200
"Director of Technology","11 - 20 years",801000
"Graphic Designer","5-7 years",798550
"Administrative Assistant","21 - 30 years",796193
"Office Manager","5-7 years",794045
"Accounting Manager","21 - 30 years",791000
"Account Manager","2 - 4 years",789910
"Project Coordinator","8 - 10 years",786515
Instructor,"11 - 20 years",785758
"Senior Editor","8 - 10 years",785368
"Mechanical Engineer","2 - 4 years",780173
"Team Lead","11 - 20 years",779644
"High School Teacher","11 - 20 years",773595
"Vice President","5-7 years",772000
Manager,"2 - 4 years",768360
Analyst,"21 - 30 years",768000
"Human Resources Director","21 - 30 years",767000
Economist,"5-7 years",763970
"Production Manager","11 - 20 years",763000
"CTO (Chief Technology Officer)","11 - 20 years",761100
"COO (Chief Operating Officer)","11 - 20 years",761000
"Senior Developer","21 - 30 years",759700
"Research Scientist","8 - 10 years",753000
"Senior Technical Writer","21 - 30 years",752351
"Senior Financial Analyst","11 - 20 years",749080
"Senior Engineer","5-7 years",747000
"Project Coordinator","11 - 20 years",745265
"Senior Product Manager","5-7 years",741890
"Senior Business Analyst","8 - 10 years",741706
"Research Associate","5-7 years",740150
"HR  Manager","5-7 years",739200
"Senior Customer Success Manager","11 - 20 years",737439
"Associate Professor","8 - 10 years",735500
Owner,"11 - 20 years",735000
"Managing Editor","21 - 30 years",734018
"Technical Editor","11 - 20 years",733233
Paralegal,"5-7 years",732430
"Program Coordinator","2 - 4 years",732203
"Chief Of Staff","8 - 10 years",725400
"Web Developer","21 - 30 years",721000
"Engagement Manager","5-7 years",719000
"Sales Manager","21 - 30 years",718250
Lawyer,"2 - 4 years",718000
"Social Worker","8 - 10 years",716967
"Senior Account Manager","11 - 20 years",716500
"Site Reliability Engineer","5-7 years",716400
"Research Assistant","2 - 4 years",715746
Archivist,"8 - 10 years",715150
"Senior Product Designer","11 - 20 years",714980
"Legal Assistant","11 - 20 years",710240
"Senior Analyst","2 - 4 years",707873
"Lead Developer","11 - 20 years",707000
"Analytics Manager","5-7 years",703000
"Business Analyst","21 - 30 years",703000
"Senior Technical Writer","11 - 20 years",702741
Lawyer,"5-7 years",702500
Editor,"5-7 years",702452
"Civil Engineer","5-7 years",700277
"Human Resources Director","11 - 20 years",699400
Engineer,"8 - 10 years",698000
"Senior Director","8 - 10 years",694000
"HR  Generalist","8 - 10 years",693600
President,"11 - 20 years",692000
"Senior Corporate Counsel","11 - 20 years",687500
"Senior Financial Analyst","5-7 years",686450
"Communications Specialist","11 - 20 years",683300
"Research Scientist","11 - 20 years",683000
"Director of Analytics","11 - 20 years",681500
"HR  Business Partner","8 - 10 years",679738
"Lead Developer","21 - 30 years",677000
"Senior Software Engineer","31 - 40 years",675400
"Director Of Operations","21 - 30 years",674080
"Policy Analyst","2 - 4 years",673250
"Tax Manager","11 - 20 years",671900
"Marketing Coordinator","2 - 4 years",671616
"Finance Director","11 - 20 years",671000
"Systems Analyst","21 - 30 years",666200
"Program Director","8 - 10 years",665000
Paralegal,"2 - 4 years",664810
"Program Analyst","8 - 10 years",661883
"Production Manager","8 - 10 years",660721
"Senior Policy Analyst","11 - 20 years",660640
"Financial Analyst","5-7 years",660221
"Quality Engineer","11 - 20 years",657000
"Digital Marketing Manager","11 - 20 years",656466
"Marketing Strategy Manager","11 - 20 years",650000
"Quality Engineer","2 - 4 years",649254
"Creative Director","11 - 20 years",649000
"Data Engineer","5-7 years",644000
Developer,"11 - 20 years",639547
"Senior Financial Analyst","21 - 30 years",637901
"Marketing Director","21 - 30 years",637000
"Technical Writer","8 - 10 years",631112
"Senior Accountant","8 - 10 years",628867
"Financial Analyst","8 - 10 years",626709
"Communications Specialist","5-7 years",624117
"Senior Attorney","11 - 20 years",622800
"Electrical Engineer","2 - 4 years",620970
"HR  Generalist","5-7 years",619900
"CTO (Chief Technology Officer)","21 - 30 years",619000
"Pharmacy Manager","11 - 20 years",618747
Unknown,"11 - 20 years",618360
"Strategy Director","8 - 10 years",615000
"Compensation Manager","11 - 20 years",613500
"Chief Operating Officer","11 - 20 years",612500
"Senior Consultant","21 - 30 years",612500
"Development Manager","21 - 30 years",611400
"Senior Product Manager","21 - 30 years",611000
"Assistant Director","5-7 years",609735
Attorney,"31 - 40 years",608500
Partner,"8 - 10 years",607000
"Project Manager","31 - 40 years",605872
"Account Executive","8 - 10 years",603000
"Academic Advisor","5-7 years",602750
"School Psychologist","11 - 20 years",602718
"Office Administrator","11 - 20 years",602543
"Data Engineer","2 - 4 years",602200
"Business Development Manager","11 - 20 years",599200
"Human Resources Manager","8 - 10 years",598944
"Senior Systems Engineer","11 - 20 years",595869
"Analytics Manager","8 - 10 years",595600
"Senior Policy Advisor","5-7 years",593591
"Social Worker","11 - 20 years",593500
"Legal Assistant","5-7 years",592631
Archivist,"11 - 20 years",592105
"Software Development Manager","8 - 10 years",592000
"Technical Lead","11 - 20 years",591000
"General Manager","8 - 10 years",589200
"Director Of Product","11 - 20 years",588950
Recruiter,"2 - 4 years",588135
"Senior Executive Assistant","11 - 20 years",585172
"Director Of Communications","8 - 10 years",583800
"Director of HR","21 - 30 years",583450
"Principal Scientist","11 - 20 years",583000
"Director Of Sales","11 - 20 years",583000
Administrator,"11 - 20 years",582700
"Marketing Manager","2 - 4 years",582700
"Director of Marketing","21 - 30 years",582000
"Project Engineer","8 - 10 years",581600
"Associate Consultant","2 - 4 years",581000
"Systems Engineer","5-7 years",580014
Registrar,"11 - 20 years",579780
"Senior Executive Assistant","21 - 30 years",578000
"Content Manager","5-7 years",577500
"Art Director","11 - 20 years",575000
"Data Engineer","11 - 20 years",574000
"Social Media Manager","8 - 10 years",573000
"Senior Data Scientist","11 - 20 years",572550
"Principal Product Designer","11 - 20 years",572000
"Senior Finance Manager","11 - 20 years",571958
"Research Associate","11 - 20 years",570000
"Email Marketing Manager","11 - 20 years",569600
"Associate General Counsel","8 - 10 years",568685
"Creative Director","21 - 30 years",568632
"Policy Analyst","8 - 10 years",568052
"Deputy General Counsel","11 - 20 years",568000
"Systems Analyst","11 - 20 years",567900
"Software Engineer III","5-7 years",567000
"Data Scientist","21 - 30 years",566000
"Content Marketing Manager","11 - 20 years",565800
"DevOps Engineer","8 - 10 years",565300
"Engineering Manager","31 - 40 years",565000
"Store Manager","21 - 30 years",564628
"Email Marketing Manager","5-7 years",564500
"Database Administrator","11 - 20 years",563099
"Associate Attorney","1 year or less",563000
"Director of Customer Success","11 - 20 years",559000
"Software Engineer Ii","11 - 20 years",558750
Psychologist,"5-7 years",555500
"Senior Manager, Operations","11 - 20 years",554700
"Senior Engineering Manager","8 - 10 years",554000
"Customer Success Manager","2 - 4 years",550900
"Customer Service Manager","11 - 20 years",550635
"Senior Process Engineer","5-7 years",549160
"Program Coordinator","8 - 10 years",548765
"Case Manager","5-7 years",546260
"Lead Software Engineer","5-7 years",545139
"Academic Advisor","11 - 20 years",545000
"Staff Software Engineer","8 - 10 years",545000
"Assistant Controller","11 - 20 years",544560
"Team Lead","21 - 30 years",544282
"Senior Marketing Manager","21 - 30 years",544105
"Senior Consultant","5-7 years",543500
Professor,"31 - 40 years",543000
Economist,"11 - 20 years",542395
"Senior Data Analyst","11 - 20 years",541255
"Brand Manager","11 - 20 years",541000
"Senior Electrical Engineer","8 - 10 years",540500
"Vice President  Finance","8 - 10 years",540000
"Budget Analyst","11 - 20 years",539916
"Research Analyst","5-7 years",538780
"Engagement Manager","8 - 10 years",538600
Scientist,"11 - 20 years",538508
Statistician,"11 - 20 years",538093
"Project Engineer","2 - 4 years",537400
"Marketing Specialist","5-7 years",537176
"Product Owner","21 - 30 years",536400
"Program Officer","8 - 10 years",535100
"Administrative Coordinator","11 - 20 years",533821
"Executive Director","5-7 years",533651
"Technical Director","11 - 20 years",533200
"Team Leader","11 - 20 years",533000
"Software Engineer Ii","8 - 10 years",532100
"Store Manager","11 - 20 years",529559
"Mechanical Engineer","8 - 10 years",529000
"Associate Director Of Marketing","11 - 20 years",528400
"Senior Principal Engineer","11 - 20 years",527000
"Civil Engineer","11 - 20 years",525520
Copywriter,"5-7 years",525517
"Instructional Designer","21 - 30 years",525240
"Communications Director","8 - 10 years",525000
"IT Manager","8 - 10 years",524695
"Lead Software Engineer","21 - 30 years",523500
Lawyer,"11 - 20 years",523000
"Program Manager","31 - 40 years",522700
"Attorney Advisor","11 - 20 years",522268
"Communication Manager","21 - 30 years",522000
Teacher,"31 - 40 years",521865
Epidemiologist,"5-7 years",521120
"Director Of Research","11 - 20 years",521000
"Content Marketing Manager","5-7 years",520800
"Human Resources Business Partner","11 - 20 years",520569
"Software Engineer","31 - 40 years",519600
"Senior Communications Manager","11 - 20 years",516960
"Senior Account Manager","8 - 10 years",515510
"Product Designer","5-7 years",515500
Geologist,"11 - 20 years",515468
"Senior Mechanical Engineer","11 - 20 years",513900
"Quality Assurance Manager","11 - 20 years",513500
"Research Analyst","8 - 10 years",513100
"Legal Assistant","31 - 40 years",513000
"Data Scientist","1 year or less",512000
"Financial Analyst","11 - 20 years",511776
"Vice President Product Management","21 - 30 years",510000
"Senior Scientist","8 - 10 years",509870
"Medical Writer","5-7 years",508500
"Process Engineer","11 - 20 years",508000
Accountant,"5-7 years",507748
Counsel,"8 - 10 years",507000
"Enterprise Architect","31 - 40 years",507000
Copywriter,"11 - 20 years",505300
Consultant,"1 year or less",505000
"Senior Systems Engineer","8 - 10 years",503500
"Personal Assistant","11 - 20 years",502310
"Recruiting Manager","11 - 20 years",502000
"Human Resources Generalist","11 - 20 years",500700
"Enterprise Account Executive","11 - 20 years",500000
"Research Analyst","11 - 20 years",498600
"Managing Director","21 - 30 years",498000
"DevOps Engineer","11 - 20 years",497626
"IT Director","11 - 20 years",497250
Lawyer,"8 - 10 years",496500
"Marketing Coordinator","5-7 years",495681
"CEO (Chief Executive Officer)","31 - 40 years",495400
"Site Reliability Engineer","8 - 10 years",495000
"Social Media Manager","5-7 years",494991
"Assistant Project Manager","5-7 years",494500
"Project Coordinator","2 - 4 years",494254
"Chief Of Staff","5-7 years",492800
"Senior Site Reliability Engineer","11 - 20 years",492000
"Operations Analyst","11 - 20 years",492000
"Human Resources Business Partner","8 - 10 years",491800
"Sales Engineer","11 - 20 years",490000
"Engineering Director","21 - 30 years",490000
"Senior Producer","11 - 20 years",489500
Controller,"8 - 10 years",489000
"Content Strategist","5-7 years",488000
"Software Engineering Manager","8 - 10 years",487500
"Sales Engineer","8 - 10 years",487410
"Brand Manager","5-7 years",487250
"Content Manager","11 - 20 years",487200
"Process Engineer","8 - 10 years",487000
"Principal Product Manager","11 - 20 years",487000
"Senior Executive Assistant","31 - 40 years",486000
"Business Development Manager","5-7 years",485340
"Administrative Manager","11 - 20 years",484490
"Senior Technical Program Manager","11 - 20 years",483000
"Software Development Manager","21 - 30 years",483000
"Senior Editor","5-7 years",481800
"Senior Security Engineer","21 - 30 years",481680
Member-Manager,"11 - 20 years",480000
Lecturer,"8 - 10 years",479642
"Software Engineer III","2 - 4 years",478170
"Foreign Service Officer","11 - 20 years",475824
"Mechanical Engineer","11 - 20 years",473000
"Staff Engineer","21 - 30 years",472500
"Senior Data Analyst","21 - 30 years",472000
"Systems Administrator","11 - 20 years",470100
Unknown,"5-7 years",469080
"Chief Of Staff","21 - 30 years",467875
"Compliance Officer","11 - 20 years",466624
"HR  Director","31 - 40 years",465000
"Software Engineer III","11 - 20 years",464432
"Senior Strategist","5-7 years",464400
"Scrum Master","11 - 20 years",464000
"Research Associate","8 - 10 years",463322
"Senior Technical Writer","8 - 10 years",462428
"General Manager","21 - 30 years",461820
"Risk Manager","11 - 20 years",461300
"Product Marketing Manager","11 - 20 years",461000
"Senior Development Manager","21 - 30 years",460000
"Senior Corporate Counsel","31 - 40 years",460000
Pharmacist,"11 - 20 years",459160
"Senior Policy Analyst","8 - 10 years",458317
Investigator,"5-7 years",457295
"Senior Research Associate","2 - 4 years",457000
"Development Manager","5-7 years",456600
"Machine Learning Engineer","2 - 4 years",456000
"Deputy Director","8 - 10 years",455430
"Senior Solutions Architect","11 - 20 years",454000
"HR Manager","11 - 20 years",453950
"Finance Manager","21 - 30 years",453560
"Staff Software Engineer","5-7 years",453200
"Sales Manager","8 - 10 years",451600
"Customer Service Manager","21 - 30 years",450240
"Sales Manager","2 - 4 years",450000
"Business Development","11 - 20 years",450000
"Product Designer","11 - 20 years",449510
"Quality Manager","21 - 30 years",448500
"Development Officer","11 - 20 years",447400
"Staff Product Manager","11 - 20 years",447000
"Lead Consultant","11 - 20 years",446000
Veterinarian,"11 - 20 years",446000
"Staff Engineer","8 - 10 years",445000
"Associate Editor","5-7 years",444464
"Marketing Coordinator","11 - 20 years",444000
"Proposal Manager","21 - 30 years",443038
"Registered Nurse","2 - 4 years",442971
"Senior Graphic Designer","5-7 years",441999
"Director of Professional Services","11 - 20 years",441500
"IT Project Manager","11 - 20 years",440698
"Director Of Customer Success","8 - 10 years",440500
Chemist,"11 - 20 years",440282
"Senior Researcher","11 - 20 years",440200
"Supply Chain Manager","11 - 20 years",439860
"Program Manager Ii","11 - 20 years",439600
"Financial Advisor","5-7 years",439250
"User Experience Researcher","5-7 years",438000
"Senior Product Designer","21 - 30 years",437500
"Communications Specialist","8 - 10 years",437000
"Associate Director","31 - 40 years",437000
"Environmental Specialist","5-7 years",435750
"Accounts Payable Manager","11 - 20 years",435300
"Vice President  HR","11 - 20 years",435000
"Account Manager","21 - 30 years",434567
"Branch Manager","21 - 30 years",433000
Planner,"5-7 years",432976
"Senior Engineering Manager","11 - 20 years",432750
"Assistant Manager","5-7 years",432107
"Policy Analyst","5-7 years",431800
"Research Analyst","2 - 4 years",431510
"Contract Specialist","11 - 20 years",431384
"Product Designer","8 - 10 years",430500
"Academic Advisor","8 - 10 years",430000
"Communications Specialist","2 - 4 years",430000
"Senior Counsel","5-7 years",430000
"Electrical Engineer","5-7 years",429500
Faculty,"11 - 20 years",429500
"Business Manager","21 - 30 years",429000
Recruiter,"11 - 20 years",428700
"Systems Engineer","21 - 30 years",428700
"Technical Program Manager","8 - 10 years",428000
"School Counselor","11 - 20 years",427632
"Deputy Executive Director","11 - 20 years",427125
"Department Manager","11 - 20 years",426300
"Engineering Team Lead","11 - 20 years",426000
"Accounting Manager","5-7 years",425600
Librarian,"2 - 4 years",425500
"Associate Product Manager","2 - 4 years",425425
"Sales Manager","11 - 20 years",425400
"Corporate Counsel","8 - 10 years",425000
"Software Development Engineer","8 - 10 years",424700
"Director of Product Management","11 - 20 years",424000
"IT Consultant","11 - 20 years",423500
"Senior Scientist","2 - 4 years",423436
"High School Teacher","8 - 10 years",422839
"User Experience (UX) Designer","2 - 4 years",422200
"Senior Researcher","8 - 10 years",421900
Pharmacist,"8 - 10 years",421020
"Senior Product Manager","2 - 4 years",420250
"Senior Research Scientist","11 - 20 years",420000
"Sales Operations Manager","8 - 10 years",419690
"Office Manager","31 - 40 years",419400
"Account Executive","2 - 4 years",419200
"Patent Agent","2 - 4 years",418800
"Security Engineer","5-7 years",418500
"Research Scientist","21 - 30 years",418000
"Policy Advisor","11 - 20 years",417900
"Business Intelligence Analyst","8 - 10 years",417488
"Senior Data Engineer","11 - 20 years",417350
"Copy Editor","11 - 20 years",417090
Archivist,"5-7 years",417062
"Director Of Business Development","11 - 20 years",417000
"Software Development Engineer","41 years or more",417000
"Grants Manager","8 - 10 years",415750
Epidemiologist,"11 - 20 years",415500
"Electrical Engineer","11 - 20 years",415500
"Development Manager","8 - 10 years",415495
"Editorial Director","11 - 20 years",415350
"Creative Director","8 - 10 years",415000
Auditor,"11 - 20 years",414444
Technician,"21 - 30 years",413800
"Regional Manager","11 - 20 years",413450
Controller,"5-7 years",413000
Consultant,"31 - 40 years",413000
Paralegal,"31 - 40 years",412500
"Portfolio Manager","11 - 20 years",412000
"Recruiting Manager","8 - 10 years",412000
"Director Of Programming","11 - 20 years",412000
"Senior Sales Engineer","11 - 20 years",412000
Researcher,"11 - 20 years",411800
"Senior Recruiter","11 - 20 years",411500
"Senior Director, Product Management","11 - 20 years",411500
Recruiter,"5-7 years",411400
"Marketing Coordinator","8 - 10 years",410060
"Scientist II","11 - 20 years",410032
"Legal Assistant","2 - 4 years",410000
"Data Architect","11 - 20 years",410000
"Senior Finance Analyst","11 - 20 years",409000
"Staff Attorney","11 - 20 years",408400
"Legal Assistant","21 - 30 years",408200
"Lead Engineer","11 - 20 years",408000
"Research Manager","11 - 20 years",407100
"Technical Writer","2 - 4 years",406650
Supervisor,"8 - 10 years",406640
"Program Officer","11 - 20 years",406522
Engineer,"5-7 years",406200
"Director Of Government Affairs","11 - 20 years",405000
Copywriter,"8 - 10 years",405000
"Art Director","21 - 30 years",404500
"Systems Administrator","8 - 10 years",404100
Geologist,"8 - 10 years",402000
"Engineering Supervisor","11 - 20 years",401657
Supervisor,"5-7 years",401646
"HR  Business Partner","21 - 30 years",401300
"Program Director","5-7 years",401050
"Communications Specialist","21 - 30 years",401000
"Communications Coordinator","5-7 years",400650
Buyer,"5-7 years",400500
"Sales And Trading","5-7 years",400000
"Technical Recruiting Manager","8 - 10 years",400000
"Security Engineering Manager","11 - 20 years",400000
"Design Lead","11 - 20 years",398500
Curator,"11 - 20 years",398308
"Clinical Psychologist","11 - 20 years",398269
"Senior User Experience (UX) Designer","11 - 20 years",398000
"Director Of Finance","11 - 20 years",397261
Producer,"11 - 20 years",397000
"Project Coordinator","21 - 30 years",396940
"HR  Generalist","21 - 30 years",396640
"Senior Customer Success Manager","8 - 10 years",395500
"Director Of Customer Experience","11 - 20 years",395500
"Senior Instructional Designer","21 - 30 years",395350
"Program Specialist","11 - 20 years",395000
"Legal Secretary","11 - 20 years",395000
Accountant,"8 - 10 years",394500
"Principal Analyst","8 - 10 years",394450
"Senior Research Analyst","11 - 20 years",393209
"Senior User Experience (UX) Researcher","11 - 20 years",392500
"Physician Assistant","11 - 20 years",392000
"Associate Consultant","5-7 years",391600
Specialist,"5-7 years",391500
Physician,"31 - 40 years",391000
"Senior HR  Business Partner","11 - 20 years",390000
"Salesforce Administrator","11 - 20 years",389600
Programmer,"21 - 30 years",389000
"Associate Professor","31 - 40 years",388000
"Principal Consultant","31 - 40 years",388000
"Staff Accountant","8 - 10 years",387900
"Associate Librarian","11 - 20 years",387065
"Principal Scientist","21 - 30 years",387000
"Firmware Engineer","11 - 20 years",387000
"Operations Director","11 - 20 years",385871
Administrator,"5-7 years",385276
"Product Designer","2 - 4 years",385000
"Software Development Engineer II","5-7 years",384055
"Communications Strategist","5-7 years",383500
Translator,"21 - 30 years",383480
"IT Director","31 - 40 years",383000
"CEO (Chief Executive Officer)","8 - 10 years",383000
"Actuarial Analyst","2 - 4 years",382000
"Senior Accountant","21 - 30 years",381100
"Payroll Manager","11 - 20 years",381000
"Campaign Manager","5-7 years",381000
"Chief Engineer","21 - 30 years",381000
"Director of Strategy","11 - 20 years",380796
"Business Analyst","31 - 40 years",380500
"Systems Architect","21 - 30 years",380000
"Investment Professional","5-7 years",380000
"Account Executive","21 - 30 years",380000
"Data Analyst","1 year or less",378700
Director,"31 - 40 years",378612
"IT Business Analyst","11 - 20 years",378400
"Media Director","11 - 20 years",378000
"Environmental Scientist","5-7 years",377000
"Software Architect","8 - 10 years",376000
"Product Owner","5-7 years",376000
Developer,"5-7 years",375900
"Program Assistant","2 - 4 years",375808
"Principal Systems Engineer","11 - 20 years",375499
"Senior Data Analyst","8 - 10 years",374300
"Senior Business Analyst","5-7 years",374100
"Senior Accountant","2 - 4 years",374000
"Director of Corporate Communications","21 - 30 years",374000
"Senior Account Executive","21 - 30 years",374000
Counsel,"21 - 30 years",374000
"Director Of Development Operations","11 - 20 years",373500
"Senior Security Analyst","5-7 years",373000
"Contracts Manager","5-7 years",372500
"Assistant District Attorney","5-7 years",372000
"Lead Data Scientist","11 - 20 years",372000
"Director Of Donor Relations","11 - 20 years",371440
Supervisor,"21 - 30 years",371200
Biologist,"11 - 20 years",371130
"Senior Counsel","21 - 30 years",371000
"Staff Accountant","2 - 4 years",371000
"Physical Therapist","5-7 years",371000
"Research Manager","21 - 30 years",370800
"Content Strategist","11 - 20 years",370500
"Assistant General Counsel","21 - 30 years",370000
"Senior User Experience (UX)  Researcher","5-7 years",370000
"Senior Software Development Engineer","8 - 10 years",370000
"Social Worker","5-7 years",369000
"Program Director","21 - 30 years",368407
Unknown,"8 - 10 years",367500
"Vice President  Marketing","31 - 40 years",367000
"Administrative Assistant","31 - 40 years",366680
"Senior It Project Manager","21 - 30 years",365000
"Corporate Counsel","11 - 20 years",365000
"Test Automation Engineer","5-7 years",365000
"Chief Marketing Officer","11 - 20 years",364000
"Physician Assistant","2 - 4 years",364000
"Director Of Data Science","2 - 4 years",364000
"Staff Accountant","5-7 years",363340
"HR  Business Partner","5-7 years",363250
"Senior Underwriter","21 - 30 years",363000
"Data Science Manager","11 - 20 years",363000
"Environmental Engineer","8 - 10 years",362260
"Senior Staff Engineer","5-7 years",362000
"Tech Lead","11 - 20 years",362000
Researcher,"8 - 10 years",362000
"Production Coordinator","11 - 20 years",361620
"Senior Managing Editor","11 - 20 years",361000
"Senior Product Marketing Manager","11 - 20 years",361000
"Development Associate","2 - 4 years",361000
Investigator,"11 - 20 years",360400
"Solution Consultant","11 - 20 years",360000
"Senior Software Development Engineer","11 - 20 years",360000
"Senior Vice President","21 - 30 years",358000
"Design Engineer","11 - 20 years",357800
"Financial Advisor","11 - 20 years",357000
"Database Administrator","21 - 30 years",356600
"Occupational Therapist","8 - 10 years",356210
"Clinical Psychologist","5-7 years",355000
"Senior Researcher","5-7 years",354456
"Contracts Manager","11 - 20 years",354000
"Assistant Principal","11 - 20 years",354000
"Staff Scientist III","11 - 20 years",354000
"Senior Relationship Manager","11 - 20 years",352200
"Director Of Experience & Strategy","11 - 20 years",352000
"Principal Analyst","21 - 30 years",351500
"Principal Data Scientist","11 - 20 years",351500
"Compliance Analyst","5-7 years",350200
"Senior Product Marketing Manager","5-7 years",350000
"Lead Software Engineer","8 - 10 years",349850
Recruiter,"8 - 10 years",349800
"Senior Copywriter","11 - 20 years",349500
"Associate Scientist","8 - 10 years",349000
"Public Defender","5-7 years",349000
"Commercial Counsel","8 - 10 years",349000
"Staff Product Designer","11 - 20 years",349000
"Senior Graphic Designer","8 - 10 years",348900
"Registered Nurse","31 - 40 years",348690
"Speech Language Pathologist","8 - 10 years",348320
"Full Stack Developer","11 - 20 years",348036
"Product Manager","31 - 40 years",348000
"Deputy Editor","11 - 20 years",348000
"Digital Product Manager","8 - 10 years",348000
"Case Manager","8 - 10 years",347594
"Senior Counsel","8 - 10 years",347300
"Senior Property Manager","31 - 40 years",347229
"Digital Designer","11 - 20 years",347000
"Regulatory Affairs Manager","5-7 years",346850
"Consulting Manager","21 - 30 years",346274
"Director of Clinical Operations","11 - 20 years",346000
"Learning And Development Manager","11 - 20 years",346000
"HR  Manager","31 - 40 years",345500
"Security Engineer","2 - 4 years",345000
"Director Of Engineering","8 - 10 years",345000
"Business Lead","5-7 years",345000
"Marketing Specialist","11 - 20 years",343900
"IT Project Manager","8 - 10 years",343750
"Customer Service Representative","11 - 20 years",343035
"Senior Accountant","5-7 years",342884
"Administrative Coordinator","21 - 30 years",342491
"Development Officer","21 - 30 years",342120
Veterinarian,"8 - 10 years",342000
"Vice President, Learning and Development","11 - 20 years",342000
"Senior Sde","11 - 20 years",342000
"Senior Director Of Marketing","11 - 20 years",342000
"Business Analyst","1 year or less",341798
"Chief Financial Officer","11 - 20 years",341500
"Grants Manager","2 - 4 years",341000
"Managing Editor","8 - 10 years",341000
"Director Of Research","8 - 10 years",341000
"Senior Research Analyst","8 - 10 years",340600
"Director Of Infrastructure","21 - 30 years",340000
"Revenue Cycle Director","11 - 20 years",340000
"Senior Paralegal","11 - 20 years",339500
"Senior Executive Assistant","8 - 10 years",339000
"Software Development Engineer","5-7 years",339000
"Physical Therapist","11 - 20 years",338455
"Technical Account Manager","5-7 years",338300
"Senior Administrative Assistant","11 - 20 years",338035
"Manager, Program Management","11 - 20 years",338000
Journalist,"8 - 10 years",338000
"Engagement Manager","11 - 20 years",337900
"Executive Assistant To Ceo","11 - 20 years",336000
"Senior Developer Advocate","5-7 years",336000
"Medical Laboratory Scientist","8 - 10 years",335424
Dentist,"11 - 20 years",335000
"Research Fellow","2 - 4 years",334008
"Technical Editor","21 - 30 years",334000
"Research Coordinator","11 - 20 years",333200
"Nurse Practitioner","21 - 30 years",333000
"Research Scientist 3","2 - 4 years",333000
"Marketing Specialist","8 - 10 years",332920
"Billing Manager","11 - 20 years",332500
"Senior Solution Architect","11 - 20 years",332000
"Director of Product Management","21 - 30 years",332000
"Senior Content Strategist","11 - 20 years",331520
"Human Resources Generalist","8 - 10 years",331164
"Senior Business Systems Analyst","11 - 20 years",331000
"Senior Scientist","21 - 30 years",331000
"Book Keeper","21 - 30 years",330961
"Senior Research Scientist","5-7 years",330504
"Associate Dean","31 - 40 years",330000
Trader,"8 - 10 years",330000
"Senior Deliverablity Consultant","21 - 30 years",330000
"Director of Global Partnerships","5-7 years",330000
Producer,"8 - 10 years",329520
"Brand Manager","8 - 10 years",329500
"Senior Art Director","11 - 20 years",329500
"Aerospace Engineer","5-7 years",329500
HRBP,"8 - 10 years",329000
"Implementation Manager","8 - 10 years",328500
"User Experience (UX) Designer","5-7 years",328500
"Technical Expert","5-7 years",328000
"User Experience (UX) Designer","11 - 20 years",327500
"Senior User Experience (UX)  Designer","8 - 10 years",327500
"Director Of Data Science","11 - 20 years",327500
"Senior Security Engineer","8 - 10 years",327000
"Senior Mechanical Engineer","8 - 10 years",326800
Specialist,"11 - 20 years",326520
"Customer Service Supervisor","11 - 20 years",326400
"Program Analyst","5-7 years",326400
"Director of Content Strategy","11 - 20 years",326000
"Senior Software Engineering Manager","8 - 10 years",326000
"HRIS (Human Resources Information Systems)  Analyst","5-7 years",325900
"Legal Assistant","8 - 10 years",325020
"Software Developer","1 year or less",325000
"Investment Manager","21 - 30 years",325000
"QA( Quality Assurance)  Manager","11 - 20 years",325000
"Assistant Manager","11 - 20 years",324822
"Director of Enterprise IT Applications","11 - 20 years",324000
"Managing Partner","11 - 20 years",324000
"Data Scientist Ii","5-7 years",324000
"Senior Director Of Development","11 - 20 years",324000
"Technical Project Manager","8 - 10 years",323500
"Clinical Supervisor","8 - 10 years",323500
"Budget Director","11 - 20 years",323000
"Vice President  Marketing","21 - 30 years",323000
"Finance Senior Manager","11 - 20 years",323000
"Data Manager","8 - 10 years",322500
Archivist,"21 - 30 years",322400
"Chief People Officer","11 - 20 years",321759
"Case Manager","11 - 20 years",321500
"Director Of Operations","31 - 40 years",321446
"Associate Director","5-7 years",321200
"Director Of Marketing And Communications","11 - 20 years",321000
"Director Of Purchasing","11 - 20 years",321000
"Senior Manager","31 - 40 years",320300
"Quantitative Analyst","5-7 years",320000
"IT Program Manager","11 - 20 years",319800
"Lead Engineer","21 - 30 years",318000
Producer,"21 - 30 years",318000
"Staff Scientist","8 - 10 years",318000
"Division Manager","11 - 20 years",317750
"Team Leader","21 - 30 years",317667
"Director Of Finance","21 - 30 years",317180
"Digital Marketing Manager","5-7 years",317000
"Research Director","11 - 20 years",317000
"Associate Director Of Development","11 - 20 years",316000
"Case Manager","2 - 4 years",315900
"Web Developer","8 - 10 years",315500
"Marketing Strategist","5-7 years",315400
"Art Director Of (Sub Category)","11 - 20 years",315000
"Network Engineer","11 - 20 years",314500
"Senior Account Executive","8 - 10 years",314500
Administrator,"21 - 30 years",314257
"Deputy CEO (Chief Executive Officer)","21 - 30 years",314000
"Senior Specialist","11 - 20 years",314000
"Senior Copywriter","8 - 10 years",314000
"Senior Scientist II","8 - 10 years",313686
"Salesforce Administrator","5-7 years",313600
"Systems Librarian","8 - 10 years",313600
"Director of  Marketing","11 - 20 years",313000
"Patent Attorney","5-7 years",312500
"Operations Manager","2 - 4 years",312457
"Development Associate","8 - 10 years",312280
"Director Of Software Engineering","21 - 30 years",312000
"Corporate Controller","11 - 20 years",312000
"Senior Analyst","21 - 30 years",311500
"Research Director","21 - 30 years",311500
"Environmental Engineer","5-7 years",311000
"Senior Director","31 - 40 years",311000
"Principal Consultant","8 - 10 years",311000
"Principal Investigator","11 - 20 years",310500
"Associate Consultant","11 - 20 years",310000
"Compliance Analyst","2 - 4 years",309500
"Director Of Product","8 - 10 years",309000
"Cyber Security Engineer","21 - 30 years",309000
"Registered Nurse","1 year or less",308580
"Business Intelligence Analyst","11 - 20 years",308400
"Systems Analyst","8 - 10 years",308000
"Associate Lawyer","8 - 10 years",307900
"Senior Developer","8 - 10 years",307500
Reporter,"8 - 10 years",307192
Scientist,"1 year or less",307050
"Operations Analyst","5-7 years",307022
"Senior Compliance Manager","8 - 10 years",307000
"Product Manager II","5-7 years",307000
"Proposal Manager","8 - 10 years",307000
"Occupational Therapist","11 - 20 years",306647
"Staff Engineer","5-7 years",306500
"Director Of Enginneering","8 - 10 years",306000
"Support Manager","11 - 20 years",306000
Buyer,"8 - 10 years",305050
"Security Engineer","21 - 30 years",305000
"Area Manager","11 - 20 years",305000
"Senior Communications Specialist","11 - 20 years",305000
"Senior Tax Accountant","5-7 years",304990
"Resident Physician","2 - 4 years",304900
Trainer,"11 - 20 years",304266
"Enterprise Sales Director","11 - 20 years",304000
"Head Of Vendor Management","11 - 20 years",304000
"IT Manager","31 - 40 years",303664
"Office Manager","2 - 4 years",303620
"Service Manager","11 - 20 years",303500
"COO (Chief Operating Officer)","8 - 10 years",303000
Economist,"2 - 4 years",303000
Writer,"21 - 30 years",302598
"Program Specialist","8 - 10 years",301980
"Content Director","11 - 20 years",301500
"Attorney Advisor","8 - 10 years",301500
"Interior Designer","5-7 years",300900
"Senior Scientist","5-7 years",300500
"Senior Account Executive","2 - 4 years",300500
Therapist,"11 - 20 years",300200
Accountant,"2 - 4 years",300000
"Bond Analyst","21 - 30 years",300000
"Brand Advertising Manager","5-7 years",300000
"Manager, Product Management (Technical)","11 - 20 years",300000
"Library Director","8 - 10 years",299280
"Communications Coordinator","8 - 10 years",299111
"Information Architect","8 - 10 years",299000
"Director Of Software Engineering","11 - 20 years",298874
Geologist,"2 - 4 years",298500
"Secondary School Teacher","11 - 20 years",298271
"Business Operations","5-7 years",298000
"Group Product Manager","8 - 10 years",298000
"Accountant II","11 - 20 years",297207
"Principal Consultant","21 - 30 years",297026
"Senior Programmer","11 - 20 years",297000
"Store Manager","8 - 10 years",296760
"Quality Assurance Manager","8 - 10 years",296000
"Project Architect","8 - 10 years",295000
"Product Group Lead","21 - 30 years",295000
"Digital Director","11 - 20 years",294000
"Workday Analyst","11 - 20 years",294000
"Senior Director, Marketing","21 - 30 years",293900
"Inside Sales","11 - 20 years",293700
"Budget Analyst","8 - 10 years",292500
"Software Engineer IV","11 - 20 years",292200
"User Experience Designer","11 - 20 years",291769
Coordinator,"5-7 years",291125
"Data Manager","5-7 years",291000
"Senior Communications Manager","8 - 10 years",290500
"Library Assistant","8 - 10 years",290031
"Head Of Engineering","11 - 20 years",290000
"Director Of Supply Chain","11 - 20 years",290000
"SWE Manager","11 - 20 years",290000
"Senior Design Architect","5-7 years",290000
"Senior Legal Counsel","11 - 20 years",290000
"Executive Officer","11 - 20 years",290000
"Senior Accounting Manager","21 - 30 years",289421
Editor,"31 - 40 years",289357
"Program Associate","2 - 4 years",289250
"Contract Manager","11 - 20 years",289150
"Community Manager","5-7 years",289000
"Mechanical Engineer Ii","5-7 years",289000
"Manager Of Strategic Partnerships","8 - 10 years",289000
"Staff Accountant","21 - 30 years",288892
"Senior Site Reliability Engineer","8 - 10 years",288200
"Engineering Manager II","21 - 30 years",288000
"Senior Director","41 years or more",288000
"Director of  HR","11 - 20 years",287750
"Speech Language Pathologist","11 - 20 years",287500
"Content Editor","11 - 20 years",287250
"Senior Financial Analyst","2 - 4 years",287000
"Tax Manager","5-7 years",287000
"Principal Business Analyst","11 - 20 years",287000
"Digital Marketing Specialist","11 - 20 years",286430
"Talent Development Manager","8 - 10 years",286000
"Scientist I","1 year or less",286000
"Director Of Technology","21 - 30 years",286000
"High School Teacher","5-7 years",285579
"Corporate Development","8 - 10 years",285000
"Software Consultant","11 - 20 years",285000
"Head Of Partnerships","11 - 20 years",285000
"Director of Technology Recruiting","11 - 20 years",285000
"Physician Assistant","5-7 years",284000
"Senior Attorney","8 - 10 years",284000
"Proposal Manager","11 - 20 years",283600
"Senior Operations Manager","8 - 10 years",283400
"Clinical Trial Manager","8 - 10 years",283000
"Research Administrator","11 - 20 years",283000
"Director Of Communication","11 - 20 years",283000
"Clinical Pharmacist","11 - 20 years",283000
Researcher,"2 - 4 years",282824
Archaeologist,"11 - 20 years",282583
"Communications Officer","8 - 10 years",282400
"Sales Manager","5-7 years",282000
"In-House Counsel","8 - 10 years",282000
"Management Consultant","11 - 20 years",282000
"Finance Manager","5-7 years",282000
"Legal Counsel","8 - 10 years",282000
"Cloud Engineer","11 - 20 years",281500
"Senior Software Architect","21 - 30 years",281000
"Electrical Engineer","8 - 10 years",280700
"Senior Lecturer","11 - 20 years",280240
"Financial Advisor","21 - 30 years",280000
"Category Manager","11 - 20 years",280000
"Senior Engineering Program Manager","21 - 30 years",280000
"Group Manager Of Analytics","11 - 20 years",280000
"Senior Director Of Education","21 - 30 years",280000
"Trial Attorney","5-7 years",280000
"Hardware Engineering Program Manager","11 - 20 years",280000
Optometrist,"2 - 4 years",280000
"Contract Manager","21 - 30 years",279800
"Property Manager","11 - 20 years",279520
"Senior Email Marketing Manager","11 - 20 years",279500
"Business Design Consultant","8 - 10 years",279000
Researcher,"5-7 years",279000
Reporter,"5-7 years",278600
"Senior Production Engineer","11 - 20 years",278000
Principal,"21 - 30 years",278000
"Marketing Operations Manager","8 - 10 years",278000
"Library Branch Manager","21 - 30 years",277750
"Assistant Managing Editor","11 - 20 years",277700
"Security Engineer","8 - 10 years",277500
Reporter,"11 - 20 years",277000
"Assistant Director of Communications","11 - 20 years",276600
"Law Clerk","2 - 4 years",276091
"Senior Software Engineer","41 years or more",276000
"Engine Performance Engineer (Tech Lead)","8 - 10 years",276000
"Head Of Solutions Engineering","11 - 20 years",276000
Compliance,"11 - 20 years",276000
"Knowledge Manager","11 - 20 years",276000
"Geographic Information Systems(GIS)  Analyst","2 - 4 years",275876
"Technical Project Manager","11 - 20 years",275500
"Budget Analyst","2 - 4 years",275473
"Development Coordinator","8 - 10 years",275400
"Development Coordinator","5-7 years",275260
"Lead Analyst","11 - 20 years",275130
"Analytics Manager","11 - 20 years",275000
"Director Of Customer Success","21 - 30 years",275000
"Customer Solutions Manager","11 - 20 years",275000
"Social Media Director","11 - 20 years",275000
"TPM (Technical Program Manager)","11 - 20 years",275000
"Quality Manager","5-7 years",274500
"Product Development Engineer","8 - 10 years",274500
"Web Developer","5-7 years",274370
"Grants Manager","21 - 30 years",274000
"Customer Success Manager","21 - 30 years",274000
"Vice President, Global Account Management","5-7 years",274000
"Project Administrator","11 - 20 years",273827
"Senior Technical Program Manager","8 - 10 years",273800
"Lead UX Researcher","21 - 30 years",273000
"Senior Planner","11 - 20 years",273000
Psychologist,"8 - 10 years",272500
"Customer Marketing Manager","11 - 20 years",272000
"Financial Planner","8 - 10 years",272000
"Senior Software Developer","2 - 4 years",272000
"Staff Attorney","2 - 4 years",271400
"Reference Librarian","8 - 10 years",271145
"Accounting Manager","31 - 40 years",271000
"Registered Nurse Case Manager","31 - 40 years",271000
Architect,"8 - 10 years",271000
"Motion Graphics Designer","5-7 years",271000
"Policy Advisor","8 - 10 years",271000
"Account Supervisor","11 - 20 years",270800
"Client Manager","11 - 20 years",270700
"Senior Policy Analyst","5-7 years",270300
Buyer,"11 - 20 years",270251
"Controls Engineer","2 - 4 years",270000
"Sales Engineer","21 - 30 years",270000
"Production Manager","21 - 30 years",270000
"Sales Engineer","5-7 years",270000
"User Experience (UX) Writer","8 - 10 years",270000
"Associate Lawyer","5-7 years",270000
Veterinarian,"5-7 years",270000
"Digital Content Manager","11 - 20 years",269406
"Crm Manager","11 - 20 years",269000
"Principal Cloud Solution Architect","21 - 30 years",269000
"HR  Specialist","11 - 20 years",268900
"Software Development Engineer II","2 - 4 years",268800
"Senior User Experience (UX)  Researcher","11 - 20 years",268500
"Program Lead","11 - 20 years",268500
"Director of Medical Group Administration","8 - 10 years",268000
"Aerospace Engineer","2 - 4 years",268000
"Assistant Manager","8 - 10 years",267500
"Head Of Product","21 - 30 years",267350
"Pediatric Nurse Practitioner","5-7 years",267000
"Director of Technology Delivery","21 - 30 years",267000
"System Architect","21 - 30 years",267000
"Grants Manager","5-7 years",266012
"Structural Engineer","8 - 10 years",266000
"Senior Mechanical Engineer","21 - 30 years",265202
"1X1 Coordinator","21 - 30 years",265000
"Product Manager - Technical","11 - 20 years",265000
"Lead Systems Engineer","21 - 30 years",265000
"Global Compensation Director","11 - 20 years",265000
Statistician,"2 - 4 years",264250
"Technical Program Manager","21 - 30 years",264000
"Nuclear Systems Engineer","11 - 20 years",264000
"Vice President Of Policy","11 - 20 years",264000
"Incident Manager","5-7 years",264000
"Software Engineering Principal Member Of Technical Staff","21 - 30 years",264000
"Quality Assurance","11 - 20 years",264000
"Communications Coordinator","2 - 4 years",264000
"IT Director","8 - 10 years",264000
"Market Analyst","5-7 years",263990
"Patent Attorney","31 - 40 years",263912
Geologist,"5-7 years",263800
"Senior Front End Developer","11 - 20 years",263000
"Senior Research Analyst","2 - 4 years",263000
"Privacy Engineer","8 - 10 years",263000
"Development Director","5-7 years",262850
"Network Engineer","21 - 30 years",262500
"Environmental Scientist","2 - 4 years",262200
"Quality Assurance Analyst","11 - 20 years",262100
"Product Marketing Manager","8 - 10 years",262000
"Compliance Senior Manager","21 - 30 years",262000
"Digital Imaging Technician","11 - 20 years",262000
"Technical Account Manager","11 - 20 years",261800
"Operations Research Analyst","8 - 10 years",261601
"Clinical Pharmacist","5-7 years",261500
"Director Of Education","11 - 20 years",261500
"HR  Coordinator","5-7 years",261500
"Structural Engineer","11 - 20 years",261500
"EA (Executive Assistant)","8 - 10 years",261500
"Principal Recruiter","11 - 20 years",261360
"Financial Planning and Analysis Manager","11 - 20 years",261236
"Management Analyst","5-7 years",261000
"Director of Federal Affairs","11 - 20 years",261000
"Assistant Professor","21 - 30 years",260500
"Change Manager","11 - 20 years",260100
"Investment Banker","8 - 10 years",260000
"Associate Scientist","2 - 4 years",260000
Dean,"21 - 30 years",260000
"Senior Embedded Software Engineer","11 - 20 years",260000
"Chief Privacy Officer/Counsel","11 - 20 years",260000
"Principal Software Enginner","21 - 30 years",260000
"Network Administrator","5-7 years",259500
"Senior Marketing Manager","5-7 years",259200
"Youth Services Librarian","11 - 20 years",259141
"Director Of Client Services","11 - 20 years",259000
Veterinarian,"21 - 30 years",259000
"Regulatory Manager","11 - 20 years",259000
"Chief Of Staff, Customer Experience","21 - 30 years",259000
"Associate Software Engineer","5-7 years",258500
Epidemiologist,"8 - 10 years",258400
"Vice President Commercial Banking","21 - 30 years",257500
"Vice President Treasury","11 - 20 years",257000
"Data Lead","11 - 20 years",257000
Counsel,"2 - 4 years",257000
Sales,"11 - 20 years",257000
"Head Of Marketing","11 - 20 years",257000
"Technical Writer","41 years or more",256675
"Attorney Advisor","5-7 years",256614
"Senior Research Analyst","5-7 years",256400
"Product Scientist","21 - 30 years",256000
"Business Systems Manager","21 - 30 years",256000
"Systems Administrator","21 - 30 years",256000
"Proposal Writer","11 - 20 years",255500
"Department Manager","21 - 30 years",255200
"Academic Librarian","11 - 20 years",255000
"HR Business Partner","11 - 20 years",255000
"Associate Creative Director","11 - 20 years",255000
OB/GYN,"8 - 10 years",255000
"Technical Sales Engineer","5-7 years",255000
"Country Head Of Market Access","8 - 10 years",255000
"Senior Executive Assistant","5-7 years",254000
"Marketing Operations Manager","11 - 20 years",254000
"Materials Engineer","8 - 10 years",254000
"Quality Assurance Engineer","5-7 years",253516
"Accounting Analyst","5-7 years",253360
"Vice President, Operations","21 - 30 years",253000
"Assistant Director Of Finance","21 - 30 years",253000
"Lead Engineer","8 - 10 years",253000
"Director Of Development","5-7 years",252500
"Project Officer","2 - 4 years",252100
"Account Director","21 - 30 years",252000
"Vice President, Analytics","11 - 20 years",252000
"Project Controls Consultant","21 - 30 years",252000
"Backend Engineer","8 - 10 years",252000
"Book Keeper","11 - 20 years",251840
"Sales Representative","11 - 20 years",251500
"Architectural Designer","2 - 4 years",251100
"Engineering Supervisor","8 - 10 years",251000
"Senior Administrative Assistant","21 - 30 years",251000
"Regional Sales Manager","11 - 20 years",250880
"Grant Writer","11 - 20 years",250800
"Physician Assistant","21 - 30 years",250500
"Technical Program Manager","2 - 4 years",250000
"Digital Director","8 - 10 years",250000
"Medical Device Sales Rep","8 - 10 years",250000
"System Analyst","21 - 30 years",250000
"Grants Manager","11 - 20 years",250000
"Digital Program Manager","11 - 20 years",250000
"Account Executive - Technology Sales","11 - 20 years",250000
"Veterinary Specialist","21 - 30 years",249800
"Business Operations Manager","11 - 20 years",249428
"Operations Research Analyst","5-7 years",249330
"Assistant District Attorney","8 - 10 years",249303
"Software Engineer Senior Principal","21 - 30 years",249000
"Senior Manager, Digital Marketing","8 - 10 years",249000
"Forensic Accountant","11 - 20 years",249000
"Licensed Clinical Social Worker","11 - 20 years",248703
"Special Education Teacher","8 - 10 years",248677
"Environmental Scientist","8 - 10 years",248400
"Book Keeper","8 - 10 years",248110
"Business Systems Analyst","8 - 10 years",248000
"Government Attorney","21 - 30 years",248000
"Senior Economist","11 - 20 years",248000
"Customer Service Representative","2 - 4 years",247912
"Program Officer","5-7 years",247500
"Content Producer","8 - 10 years",247400
"Content Marketing Specialist","5-7 years",247262
"Copy Supervisor","5-7 years",247000
"Assistant Dean","21 - 30 years",247000
"Associate Director of Clinical","11 - 20 years",247000
"Procurement Manager","8 - 10 years",247000
"Director Of Development And Communications","11 - 20 years",247000
"Validation Engineer","8 - 10 years",246400
"Principal Project Manager","11 - 20 years",246067
"Intelligence Analyst","8 - 10 years",246000
Nurse,"11 - 20 years",246000
Actuary,"11 - 20 years",245500
"Sales Analyst","2 - 4 years",245200
"IT Program Manager","21 - 30 years",245200
"Senior Scrum Master","8 - 10 years",245000
"User Experience (UX) Research","2 - 4 years",245000
"Director Of Market Research","11 - 20 years",245000
"Commercial Director","11 - 20 years",245000
"Engagement Strategist","8 - 10 years",245000
"Senior Developer","5-7 years",245000
"In-House Counsel","5-7 years",245000
"Director - Product","8 - 10 years",245000
"Principal Architect","21 - 30 years",245000
"Senior Director, Actuarial","8 - 10 years",245000
"Senior Marketing Specialist","11 - 20 years",244994
"Frontend Engineer","5-7 years",244100
"Graduate Student","2 - 4 years",244050
"Vp, Global HR  Operations And Technology","21 - 30 years",244000
"Senior Associate","21 - 30 years",244000
"Senior Payroll Specialist","11 - 20 years",244000
"Product Strategy And Marketing Manager","5-7 years",243800
"Administrative Librarian","21 - 30 years",243302
"Director Of Accounting","11 - 20 years",243000
"Program Administrator","21 - 30 years",243000
"Project Architect","11 - 20 years",243000
"Fundraising Consultant","11 - 20 years",243000
"HR  Generalist","2 - 4 years",242500
"Vice President  Finance","11 - 20 years",242300
"Quality Engineer","21 - 30 years",242200
"Client Service Representative","8 - 10 years",242089
Banker,"2 - 4 years",242060
"Security Architect","21 - 30 years",242000
"Ops Associate","2 - 4 years",242000
"Sales Rep","8 - 10 years",241000
Auditor,"31 - 40 years",241000
"Senior Systems Engineer II","11 - 20 years",241000
"Medical Social Worker","11 - 20 years",240846
"Account Supervisor","8 - 10 years",240500
"Operations Lead","8 - 10 years",240500
"Content Writer","2 - 4 years",240200
"Admin  Assistant","5-7 years",240151
"Director of Advanced Analytics & Statistics","11 - 20 years",240000
"Support Engineer","8 - 10 years",240000
"Vice President, Partnerships","21 - 30 years",240000
"Graphic Artist","11 - 20 years",240000
"Vice President  of   Engineering","11 - 20 years",240000
TAM,"21 - 30 years",240000
"Managing Director","8 - 10 years",240000
"Head Of People Ops","21 - 30 years",240000
"Influencer Marketing Manager","8 - 10 years",240000
"Senior Vice President Of Marketing","31 - 40 years",240000
"Supply Chain Assocaite Director","5-7 years",240000
"Grants Administrator","8 - 10 years",239962
"Team Leader","8 - 10 years",239800
"Assistant Director of HR","11 - 20 years",239650
"Senior Account Executive","5-7 years",239600
"Director of Application Development","21 - 30 years",239445
"Director Of Customer Service","11 - 20 years",239000
"Senior Software Application Engineer","5-7 years",239000
"People And Culture Manager","11 - 20 years",239000
"Associate Creative Director","5-7 years",239000
"Design Director","11 - 20 years",239000
"Editorial Director","21 - 30 years",239000
"Principal Site Reliability Developer","11 - 20 years",239000
"Director Of Policy","8 - 10 years",239000
"Laboratory Technician","11 - 20 years",238608
"Senior Mechanical Engineer","5-7 years",238500
"Library Supervisor","11 - 20 years",238000
"Senior Research Associate","11 - 20 years",238000
"Customer Support","11 - 20 years",238000
"Head Of Marketing","8 - 10 years",238000
"Account Manager","41 years or more",238000
"Operations Coordinator","8 - 10 years",237279
"Firm Administrator","11 - 20 years",237000
"Research Specialist","8 - 10 years",237000
"Chief Program Officer","11 - 20 years",237000
"Assistant Vice President/Claims Manager","11 - 20 years",237000
"Senior Product Designer","2 - 4 years",237000
"Senior Civil Engineer","11 - 20 years",237000
"Hardware Engineer","8 - 10 years",237000
"Engineering Director","11 - 20 years",237000
"Managing Editor","5-7 years",236831
"Legislative Analyst","8 - 10 years",236600
"Transportation Engineer","5-7 years",236540
"Operations Analyst","8 - 10 years",236470
"Power Trader","11 - 20 years",236000
"Project Director","8 - 10 years",236000
"Scientific Strategy Advisor","11 - 20 years",236000
"Senior Project Manager","31 - 40 years",235500
"Service Manager","8 - 10 years",235500
"Campaign Manager","11 - 20 years",235500
"Business Intelligence Developer","21 - 30 years",235500
"Senior Engineer","2 - 4 years",235260
"Manager, Product Management","11 - 20 years",235000
"Executive Officer","8 - 10 years",235000
"Director Of Business Development","8 - 10 years",235000
"Senior HR  Generalist","11 - 20 years",235000
"Principal Technical Program Manager","11 - 20 years",235000
"Director Of Technical Services","11 - 20 years",235000
"Senior Administrative Assistant","5-7 years",235000
"People Operations Manager","11 - 20 years",235000
"Executive Search Consultant","21 - 30 years",235000
"General Manager","5-7 years",234700
"Senior Reporter","5-7 years",234700
"Development Coordinator","2 - 4 years",234396
"Human Resource Manager","11 - 20 years",234280
"Group Product Manager","11 - 20 years",234000
Principal,"11 - 20 years",234000
"Operations Consultant","8 - 10 years",234000
"Manager, Software Dev & Eng","11 - 20 years",234000
"Avp & Actuary","11 - 20 years",234000
"Youth Services Librarian","8 - 10 years",233600
"Development Director","8 - 10 years",233600
"People Operations Manager","8 - 10 years",233208
"Process Manager","11 - 20 years",233200
"Senior Medical Writer","5-7 years",233000
"Research Librarian","11 - 20 years",233000
"Research And Development Scientist","2 - 4 years",232808
"Senior Vice President Of Finance","11 - 20 years",232500
"Content Specialist","5-7 years",232050
"Environmental Protection Specialist","11 - 20 years",232000
"Senior Project Engineer","21 - 30 years",232000
"Audit Senior Manager","11 - 20 years",232000
"Production Lead","5-7 years",232000
"Senior Product Owner","11 - 20 years",232000
"Senior Tax Accountant","8 - 10 years",231700
"Senior Manager, Bus Scheduling","31 - 40 years",231600
"Planning Manager","11 - 20 years",231511
"Solutions Consultant","11 - 20 years",231500
"Assistant Editor","5-7 years",231500
"Management Analyst","11 - 20 years",231500
"Non Technical Recruiter","8 - 10 years",231000
"System Analyst","11 - 20 years",231000
"Program Coordinator","21 - 30 years",231000
"Nurse Consultant","11 - 20 years",231000
"Senior Legal Editor","11 - 20 years",230700
Chemist,"5-7 years",230630
"Operations Research Analyst","11 - 20 years",230290
"Recruiting Coordinator","5-7 years",230250
"Postdoctoral Researcher","2 - 4 years",230242
Programmer,"5-7 years",230000
"Scientist II","8 - 10 years",230000
"Valuations Expert","11 - 20 years",230000
"Senior User Experience (UX) Designer","5-7 years",230000
"Managing Economist","8 - 10 years",230000
"Clinical Psychologist","2 - 4 years",230000
"Senior Ml Engineer","2 - 4 years",230000
"Senior Product Manager - Technical","8 - 10 years",230000
"Director of Learning & Development","11 - 20 years",230000
"Content Strategy","8 - 10 years",230000
"Consulting Vice President","5-7 years",230000
"Product Director","8 - 10 years",230000
"Senior Software Engineer, Devops","5-7 years",230000
"Senior Database Administrator","11 - 20 years",230000
"Junior Project Manager","8 - 10 years",229760
"Communications Coordinator","11 - 20 years",229432
"IT Architect","21 - 30 years",229000
"Structural Engineer","5-7 years",229000
"Front End Engineer","11 - 20 years",229000
"Director - It Strategy","11 - 20 years",229000
"Director Of Research Development","11 - 20 years",228640
"Contract Administrator","11 - 20 years",228250
Author,"21 - 30 years",228000
"Assistant Director","21 - 30 years",228000
"Deputy Director Of Accounting","21 - 30 years",228000
"HR Analyst","5-7 years",228000
"User Experience (UX) Engineer Manager","21 - 30 years",228000
"Senior Advisor","11 - 20 years",228000
"Media Buyer","11 - 20 years",228000
"Business Intelligence Analyst","5-7 years",227924
"Data Specialist","11 - 20 years",227808
Editor,"2 - 4 years",227600
"Operations Associate","2 - 4 years",227500
"Marketing Manager","21 - 30 years",227250
"Senior Architect","11 - 20 years",227000
"Manager, Marketing","11 - 20 years",227000
"Senior Manager Growth Marketing","11 - 20 years",227000
"Director Of Human Resources","31 - 40 years",226700
"Executive Director","31 - 40 years",226500
"Senior Graphic Designer","11 - 20 years",226500
"Structural Engineering Specialist","2 - 4 years",226200
"Office Administrator","8 - 10 years",226160
"Senior Communications Specialist","5-7 years",226000
"Compliance Officer","8 - 10 years",225600
"Solution Consultant","8 - 10 years",225500
"Test Engineer","2 - 4 years",225500
"Associate Manager","8 - 10 years",225300
"Revenue Agent","11 - 20 years",225161
"Senior Legal Counsel","21 - 30 years",225000
"Aws Solutions Architect","8 - 10 years",225000
"Director, Engineerig","11 - 20 years",225000
"Contract Partner","8 - 10 years",225000
"User Experience (UX) Designer","21 - 30 years",225000
"Director Of Product Management","8 - 10 years",225000
"Structural Biology Lead","5-7 years",225000
"Quality Assurance Engineering Lead","11 - 20 years",225000
Taxonomist,"21 - 30 years",225000
"Postdoctoral Fellow","8 - 10 years",225000
Solicitor,"5-7 years",225000
"Manager, Sales Engineering","21 - 30 years",225000
"Chief Risk Officer","11 - 20 years",225000
"Learning & Development Senior Manager","21 - 30 years",224700
"Social Media Specialist","5-7 years",224500
"Research Assistant Professor","5-7 years",224000
"Associate Registrar","11 - 20 years",224000
"Senior Taxonomist","21 - 30 years",224000
"Internal Auditor","2 - 4 years",223747
"Director Of Customer Success","5-7 years",223600
"Professor (Full)","21 - 30 years",223500
"Technical Staff","2 - 4 years",223500
"Senior Manager, Communications","8 - 10 years",223332
"Development Engineer","2 - 4 years",223180
"Aerospace Engineer","11 - 20 years",223000
"Claim Manager","21 - 30 years",223000
"Development Director","21 - 30 years",223000
"Best Boy","21 - 30 years",223000
"Learning Advisor","11 - 20 years",223000
"Internal Communications","5-7 years",223000
"EA (Executive Assistant)","11 - 20 years",223000
"Data Science","8 - 10 years",222500
"Talent Acquisition Specialist","2 - 4 years",222000
"Senior Network Engineer","21 - 30 years",222000
"Policy Specialist","11 - 20 years",222000
Auditor,"2 - 4 years",221800
"HR  Coordinator","2 - 4 years",221739
"Library Department Head","11 - 20 years",221500
"International Tax","11 - 20 years",221000
Reporter,"2 - 4 years",221000
"Service Sales Manager","11 - 20 years",220864
"Senior Content Strategist","8 - 10 years",220700
"Executive Assistant","1 year or less",220120
Writer/Editor,"8 - 10 years",220000
"Content Marketing Manager","8 - 10 years",220000
"In House Counsel","8 - 10 years",220000
"Vice President & Relationship Manager","11 - 20 years",220000
"Software Account Director","11 - 20 years",220000
"Senior Director, Workforce Management","21 - 30 years",220000
"Senior Manager","2 - 4 years",220000
"Head Data Scientist","11 - 20 years",220000
"Digital Marketing Manager","2 - 4 years",220000
"Executive Vice President, Communications","11 - 20 years",220000
"Director Of Global Seo","21 - 30 years",220000
"Director Tech","21 - 30 years",220000
"Commercial Banker","8 - 10 years",220000
"IT Project Manager","21 - 30 years",220000
"Staff Accountant","1 year or less",220000
"Associate Dean","21 - 30 years",220000
"Staff Technical Product Manager","11 - 20 years",219380
Manager,"41 years or more",219195
"Technical Project Manager","5-7 years",219000
"Speech-Language Pathologist","11 - 20 years",219000
"Director Of Marketing","8 - 10 years",219000
"Director Of Social","11 - 20 years",219000
"Scrum Master","31 - 40 years",219000
"Vice President Business Development","21 - 30 years",219000
"Project Engineer","21 - 30 years",218400
"Senior Systems Analyst","11 - 20 years",218250
"Emergency Veterinarian","11 - 20 years",218200
Underwriter,"8 - 10 years",218200
"English Teacher","2 - 4 years",218050
"LPN (Licensed Practical Nurse)","11 - 20 years",218000
"Tech Lead","21 - 30 years",218000
"Manager, Content Strategy","11 - 20 years",218000
"Director of People Operations","8 - 10 years",218000
"Manufacturing Engineer","21 - 30 years",218000
"Medical Science Liaison","11 - 20 years",218000
"Speech-Language Pathologist","2 - 4 years",218000
Assistant,"21 - 30 years",217776
"Environmental Scientist","11 - 20 years",217750
"Quality Assurance Engineer","11 - 20 years",217708
"Management Consultant","8 - 10 years",217500
"Director Of Communications","21 - 30 years",217200
"Senior Product Support Manager","11 - 20 years",217200
"Collection Development Librarian","11 - 20 years",217000
"Linguist III","5-7 years",217000
"Creative Services Manager","8 - 10 years",217000
Director,"2 - 4 years",217000
"Taxonomy Manager","11 - 20 years",217000
"Senior Staff Attorney","8 - 10 years",217000
"Software Development Engineer","11 - 20 years",217000
"Air Traffic Controller","2 - 4 years",217000
"Community Manager","11 - 20 years",216840
"Intake Officer","8 - 10 years",216000
"Embedded Software Engineer","5-7 years",216000
"Audit Manager","8 - 10 years",216000
"Head Of Product Management","11 - 20 years",216000
"Associate Director","2 - 4 years",216000
"Director Of Product Development","21 - 30 years",216000
"Director Of HR","8 - 10 years",216000
"Certified Financial Planner","5-7 years",216000
"Assistant District Attorney","11 - 20 years",216000
"Digital Marketing Specialist","2 - 4 years",215900
"Project Leader","5-7 years",215500
"High School English Teacher","11 - 20 years",215473
"Actuarial Analyst","5-7 years",215225
"Payroll Specialist","2 - 4 years",215130
"Contracts Manager","8 - 10 years",215000
"Associate Staff Firmware Engineer","21 - 30 years",215000
"Director of Corporate Strategy","5-7 years",215000
"Scientist I","8 - 10 years",215000
"Senior Software Developer","5-7 years",215000
"Project Manager II","11 - 20 years",215000
"Air Traffic Controller","21 - 30 years",215000
"enior Vice President.","11 - 20 years",215000
"iOS Engineer","11 - 20 years",215000
"Sr Ux Researcher","5-7 years",215000
"Vice President, Compliance Officer","5-7 years",215000
"Senior Manager Of Software Engineering","8 - 10 years",215000
"Vp Finance And Accounting","11 - 20 years",215000
"Associate Director Global Scientific Communications","5-7 years",215000
"Manager, Solutions Engineering","8 - 10 years",215000
"Director, Loyalty Marketing","11 - 20 years",215000
"Senior Director","5-7 years",215000
"Senior Customer Engineer","11 - 20 years",215000
"Geotechnical Manager","11 - 20 years",215000
"Camera Hardware Engineer","5-7 years",215000
"HR  Analyst","11 - 20 years",214960
"Senior Software Engineering Manager","5-7 years",214550
"Staff Writer","8 - 10 years",214400
"Property Manager","8 - 10 years",214300
"Vice President Product","11 - 20 years",214300
"Financial Planner","11 - 20 years",214000
"Senior Manager Of Business Development","11 - 20 years",214000
"System Administrator","11 - 20 years",214000
"Business Manager","5-7 years",214000
"Senior Manager, Marketing","11 - 20 years",214000
"Senior Quality Assurance Analyst","11 - 20 years",213600
"Client Service Manager","8 - 10 years",213500
"Enterprise Sales Rep","11 - 20 years",213500
"Production Editor","11 - 20 years",213250
"Legal Secretary","31 - 40 years",213190
"Director Of Finance And Administration","11 - 20 years",213103
"Manufacturing Engineer","2 - 4 years",213000
"Data Scientist II","1 year or less",213000
"Senior Human Resources Business Partner/Vp","41 years or more",213000
"Sales Executive","11 - 20 years",213000
"Senior Advisor, Communications","11 - 20 years",212919
"Research Assistant","11 - 20 years",212900
"Director of Business Development","5-7 years",212500
"Senior Program Analyst","11 - 20 years",212282
"Library Assistant","21 - 30 years",212232
Pharmacist,"2 - 4 years",212100
"Assistant Service Manager","11 - 20 years",212000
"Associate Director of Information Governance","21 - 30 years",212000
"Technical Project Manager","31 - 40 years",212000
"Senior It Program Manager","11 - 20 years",212000
"Senior Clinical Program Manager","11 - 20 years",212000
"Library Manager","11 - 20 years",211807
"Senior Frontend Engineer","11 - 20 years",211700
"Lead Technical Writer","11 - 20 years",211605
"Lead Corporate Counsel","11 - 20 years",211057
"Data Architect","8 - 10 years",211000
"Senior Designer","21 - 30 years",211000
"Senior Account Executive","11 - 20 years",210500
"Scrum Master","21 - 30 years",210400
"Pricing Specialist","11 - 20 years",210327
"Chief Development Officer","11 - 20 years",210000
"Services Manager","11 - 20 years",210000
"Senior R&D Engineer Manager","8 - 10 years",210000
"Senior Operations Manager","21 - 30 years",210000
"Solutions Engineer","11 - 20 years",210000
"Director of Cybersecurity","11 - 20 years",210000
"Enterprise Architect","11 - 20 years",210000
"Fund Manager","11 - 20 years",210000
"Director Property Tax","11 - 20 years",210000
"Commercial Real Estate Underwriter","11 - 20 years",210000
"Senior Benefits Manager","11 - 20 years",210000
"Senior Manager, Digital","11 - 20 years",210000
"Senior Proposal Manager","8 - 10 years",210000
"Enterprise Architect","21 - 30 years",210000
"Enterprise Risk Manager","21 - 30 years",210000
"Staff Assistant","11 - 20 years",210000
"Actuarial Consultant","21 - 30 years",210000
"Engineering Lead","21 - 30 years",210000
"Senior Manager, User Experience(UX)","31 - 40 years",210000
"Senior Scrum Master","21 - 30 years",210000
"Consultant II","2 - 4 years",210000
"Manager, Engineering Program","21 - 30 years",210000
"Senior Manager, Marketing And Business Analytics","11 - 20 years",210000
"Senior Recruiter","5-7 years",210000
"Law Librarian","11 - 20 years",209726
"Mental Health Therapist","11 - 20 years",209611
"Research Assistant","5-7 years",209500
"Speech Language Pathologist","1 year or less",209200
"Assistant Principal","8 - 10 years",209000
"Administrative Coordinator","8 - 10 years",209000
"Business Consultant","8 - 10 years",209000
"Foreign Service Officer","5-7 years",209000
"Payroll Manager","21 - 30 years",209000
"Instructional Designer","31 - 40 years",209000
"Physician (Infectious Diseases)","5-7 years",209000
"HR Generalist","11 - 20 years",208886
Pharmacist,"21 - 30 years",208840
"Corporate Counsel","5-7 years",208500
"Practice Director","21 - 30 years",208500
"Product Specialist","11 - 20 years",208412
"Director Of Content","8 - 10 years",208200
"Senior Data Analyst","2 - 4 years",208188
"Front End Web Developer","5-7 years",208000
"Senior Accounting Analyst","11 - 20 years",208000
"Manager Operations","11 - 20 years",208000
"Director Of Finance And Administration","21 - 30 years",208000
Underwriter,"5-7 years",208000
"Director of Client Operations","11 - 20 years",208000
"Vice President  of  Operations","11 - 20 years",208000
"Laboratory Manager","21 - 30 years",208000
"Application Developer","8 - 10 years",207780
Engineer,"2 - 4 years",207500
"Market Research Manager","5-7 years",207300
"Business Development Director","21 - 30 years",207000
"Test Engineer","11 - 20 years",207000
"Senior Software Engineer And Market Analysr","11 - 20 years",207000
"Senior Data Scientist","21 - 30 years",207000
"Senior Librarian","31 - 40 years",207000
"Internal Audit Director","11 - 20 years",206885
"Audit Manager","5-7 years",206200
"24 Frame Video Playback","8 - 10 years",206000
"Lab Manager","11 - 20 years",206000
"Forensic Scientist","11 - 20 years",206000
"Systems Engineer","8 - 10 years",206000
"Legal Counsel","11 - 20 years",206000
"Compensation Analyst","5-7 years",205900
Copywriter,"21 - 30 years",205640
"Staff Writer","5-7 years",205520
"Compliance Specialist","11 - 20 years",205500
"Senior BI (Business Intelligence) Analyst","11 - 20 years",205500
"Senior Chemist","11 - 20 years",205364
"Branch Manager","8 - 10 years",205330
"Management Consultant","2 - 4 years",205200
"Associate Editor","8 - 10 years",205200
Receptionist,"2 - 4 years",205060
"Purchasing Manager - Apparel","21 - 30 years",205000
"Region Vice President","11 - 20 years",205000
"Process Specialist","8 - 10 years",205000
"Senior Manager, Statistics","2 - 4 years",205000
"Associate Professor, Business Management","31 - 40 years",205000
"Chief Product Officer","21 - 30 years",205000
"Financial Planner","21 - 30 years",205000
Lawyer,"1 year or less",205000
Partner,"5-7 years",205000
"Senior Leasing Representative","11 - 20 years",205000
"Domain Architect","21 - 30 years",205000
"Restructuring Consultant","5-7 years",205000
"Director of Actuarial","11 - 20 years",205000
"Strategic Account Executive","11 - 20 years",205000
"Planning And Forecasting Lead","5-7 years",205000
"Senior Civil Project Manager","11 - 20 years",205000
"Principal Program Manager","11 - 20 years",205000
"Senior Credit Analyst","8 - 10 years",205000
"Product Counsel","2 - 4 years",205000
Shareholder,"11 - 20 years",205000
"Senior DevOps Engineer","5-7 years",205000
"Planning Team Lead","11 - 20 years",205000
"Social Media Manager","2 - 4 years",204800
"Managing Counsel","11 - 20 years",204700
"Policy Manager","5-7 years",204500
"Assistant General Counsel","8 - 10 years",204450
"Communication Specialist","11 - 20 years",204000
"Vice President  of  Customer Success","11 - 20 years",204000
"Sr. Director - Customer Success","21 - 30 years",204000
"Managing Editor","31 - 40 years",204000
"Senior Auditor","21 - 30 years",204000
"Sr. Director Of Compliance","21 - 30 years",204000
Lecturer,"2 - 4 years",204000
Sales,"8 - 10 years",204000
"Vice President  of  Product","11 - 20 years",204000
"Project Lead","5-7 years",203500
"Research Analyst","1 year or less",203500
Pastor,"5-7 years",203359
Administration,"21 - 30 years",203285
"Learning Specialist","11 - 20 years",203000
"Facility Manager","11 - 20 years",203000
"Senior Manager, Crm Marketing","8 - 10 years",203000
"User Experience (UX) Researcher","8 - 10 years",203000
"Director Of Customer Marketing","11 - 20 years",203000
"Business Intelligence Engineer","11 - 20 years",203000
"Genetic Counselor","8 - 10 years",203000
Engineer,"21 - 30 years",202600
"Staff Site Reliability Engineer","21 - 30 years",202500
Merchandiser,"11 - 20 years",202200
"Director Of Strategic Partnerships","11 - 20 years",202000
"Vice President Of People And Culture","11 - 20 years",202000
"Research Fellow","8 - 10 years",202000
Assistant,"5-7 years",202000
Controller,"31 - 40 years",202000
Diplomat,"5-7 years",202000
"Physical Therapist","8 - 10 years",202000
"Senior Digital Marketing Manager","11 - 20 years",202000
"Continuous Improvement Manager","5-7 years",202000
"Senior SRE (Site Reliability Engineer)","8 - 10 years",202000
"Of Counsel","11 - 20 years",202000
"Senior Project Coordinator","8 - 10 years",201910
"Graphic Designer","2 - 4 years",201900
Historian,"8 - 10 years",201818
"Materials Engineer","5-7 years",201433
"Marketing Assistant","2 - 4 years",201400
"Regulatory Affairs Specialist","11 - 20 years",201350
"Associate Director Of Admissions","11 - 20 years",201000
"Regional Director","11 - 20 years",201000
"Materials Manager","21 - 30 years",201000
"Academic Librarian","8 - 10 years",201000
"Civil Engineer","8 - 10 years",201000
"Senior Advisor","8 - 10 years",201000
"Director of Cloud Solutions","11 - 20 years",201000
"Director of Voice Of The Customer","31 - 40 years",201000
"Formulation Senior Scientist","11 - 20 years",201000
"Platform Engineer","21 - 30 years",201000
"School Psychologist","21 - 30 years",201000
"Instructional Technologist","11 - 20 years",201000
"Relationship Manager","11 - 20 years",200750
"Manager, Applications Engineering","21 - 30 years",200601
"Budget Analyst","5-7 years",200600
"Software Developer III","21 - 30 years",200500
"Contracts Specialist","11 - 20 years",200500
"Director Of Administrative Services","21 - 30 years",200000
"Change Management Director","11 - 20 years",200000
"Data Science Manager","5-7 years",200000
"Job Title","21 - 30 years",200000
"Controls Engineer","21 - 30 years",200000
"Security Pre-Sales","21 - 30 years",200000
"Environmental Specialist","11 - 20 years",200000
"Nurse Practitioner","2 - 4 years",200000
"Principle Software Engineer","11 - 20 years",200000
"Director of Compensation & Benefits","21 - 30 years",200000
"Clinical Laboratory Scientist","8 - 10 years",200000
"Information Security Analyst","11 - 20 years",200000
"Senior Manager Devops","11 - 20 years",200000
"Director Of Product Design & Development","11 - 20 years",200000
"Hardware Design Engineer","2 - 4 years",200000
"Renewals Manager","21 - 30 years",200000
"Enterprise Customer Success Manager","11 - 20 years",200000
"HR  Consultant","11 - 20 years",200000
"Site Reliability Engineer Sre","21 - 30 years",200000
"Senior Clinical Laboratory Scientist","31 - 40 years",200000
"Director Of Business Development","21 - 30 years",200000
"Video Producer","11 - 20 years",200000
"Manager & Actuary","11 - 20 years",200000
"Executive Administrator","21 - 30 years",200000
"Underwriting Officer","11 - 20 years",200000
"Sr Director, HR  Business Partner","21 - 30 years",200000
"Assistant Store Manager","5-7 years",200000
"Family Physician","5-7 years",200000
Realtor,"8 - 10 years",200000
"Director Of Social Media","11 - 20 years",200000
"IT Infrastructure Manager","11 - 20 years",200000
"Tech Lead","8 - 10 years",200000
"Marketing Analytics Manager","11 - 20 years",200000
"Associate Director Project Management","11 - 20 years",200000
"Director Of Software","5-7 years",200000
"Senior Director Data Management","11 - 20 years",200000
"Senior SDE (Software Development Engineer)","8 - 10 years",200000
Professor,"8 - 10 years",200000
"Procurement Manager","11 - 20 years",200000
"Senior Technical Consultant","11 - 20 years",200000
"English Teacher","11 - 20 years",199500
"Clinical Research Coordinator","11 - 20 years",199500
"IT Specialist","21 - 30 years",199350
"Director Of Development","31 - 40 years",199150
"Senior Systems Engineer","5-7 years",199100
"Assistant Vice President, Portfolio Manager","31 - 40 years",199000
"Content Designer","8 - 10 years",199000
"Associate Director of Science & Medicine","21 - 30 years",199000
"Tech Staff 4 - Architect","21 - 30 years",199000
Paralegal,"1 year or less",199000
"Financial Reporting Manager","11 - 20 years",199000
"HR  Administrator","11 - 20 years",198850
"Office Manager","41 years or more",198640
"Library Manager","21 - 30 years",198500
"Project Administrator","21 - 30 years",198200
"Tax Manager","8 - 10 years",198000
"Silicon Validation Engineer","8 - 10 years",198000
"Systems Librarian","11 - 20 years",198000
"Web Developer","2 - 4 years",198000
Developer,"8 - 10 years",198000
"Senior Business Process Manager","31 - 40 years",198000
"Director Of Project Management","21 - 30 years",198000
"Senior Research Associate II","11 - 20 years",198000
"Senior Embedded Systems Engineer","2 - 4 years",198000
Executive,"11 - 20 years",197500
"Embedded Firmware Engineer","31 - 40 years",197500
"Math Teacher","31 - 40 years",197000
"Director Business And Legal Affairs","8 - 10 years",197000
"Technical Underwriter","11 - 20 years",197000
"Engineering Manager","2 - 4 years",197000
"Head Of Digital Strategy","21 - 30 years",197000
Biostatistician,"5-7 years",197000
"Assistant Manager","2 - 4 years",196703
"Engineer III","11 - 20 years",196600
"Senior Leadership Development Consultant","11 - 20 years",196500
"Senior Business Analyst","2 - 4 years",196429
"Technical Recruiter","11 - 20 years",196400
"Event Manager","8 - 10 years",196200
"Senior Business Analyst","31 - 40 years",196127
"Vice President","31 - 40 years",196000
"Assistant Librarian","8 - 10 years",196000
"Assistant Director Of Finance","8 - 10 years",196000
"College Instructor","21 - 30 years",196000
"Director, Quality Assurance R&D","21 - 30 years",196000
Epidemiologist,"2 - 4 years",195950
"Medical Librarian","11 - 20 years",195850
"Enterprise Security Engineer","21 - 30 years",195800
"Library Assistant","5-7 years",195793
"Senior Data Manager","8 - 10 years",195750
"Pharmacy Director","11 - 20 years",195650
Administrator,"2 - 4 years",195500
"Public Defender","2 - 4 years",195425
"Senior Director, Video Streaming","11 - 20 years",195000
