Industry,Gender,Average_Salary
ACADEMIA,Man,56400.0000
ACADEMIA,Woman,26515.2500
"ACADEMIA - STEM",Woman,32000.0000
"ACADEMIA / RESEARCH",Woman,68500.0000
"ACADEMIA--CELL AND MOLECULAR BIOLOGY",Woman,48000.0000
"ACADEMIC MEDICINE",Man,55000.0000
"ACADEMIC PRESS PRODUCTION",Woman,42000.0000
"ACADEMIC PUBLISHING",Woman,49300.0000
"ACADEMIC RESEARCH",Man,71750.0000
"ACADEMIC RESEARCH",Woman,55125.0000
"ACADEMIC RESEARCH (PSYCHOLOGY)",Woman,36883.0000
"ACADEMIC RESEARCH (SOCIAL SCIENCE)",Woman,45000.0000
"ACADEMIC SCIENCE",Non-binary,40322.0000
"ACADEMIC SCIENCE",Woman,43500.0000
"ACADEMIC SCIENTIFIC RESEARCH",Woman,35600.0000
"ACADEMIC/NONPROFIT RESEARCH",Woman,37440.0000
ACCESSIBILITY,Non-binary,4000.0000
ACCESSIBILITY,Woman,74000.0000
"ACCOUNTING, BANKING & FINANCE",Man,90026.3069
"ACCOUNTING, BANKING & FINANCE",Non-binary,48451.2500
"ACCOUNTING, BANKING & FINANCE","Other/Prefer not to answer",103400.0000
"ACCOUNTING, BANKING & FINANCE",Woman,79342.4147
ACTUARIAL,Woman,41000.0000
ADMINISTRATION,Woman,35000.0000
"ADMINISTRATION (FOOD SERVICE)",Woman,29120.0000
"ADMINISTRATION IN MLM",Woman,42000.0000
"ADMINISTRATION, IT",Woman,63300.0000
ADMINISTRATIVE,Woman,35360.0000
"ADMINISTRATIVE SUPPORT",Woman,67558.0000
"ADMINISTRATIVE WORK",Woman,51000.0000
"ADULT EDUCATION",Woman,35568.0000
AEROSPACE,Man,155000.0000
AEROSPACE,Woman,90666.6667
"AEROSPACE  & DEFENSE/GOVERNMENT CONTRACTING",Woman,52000.0000
"AEROSPACE & DEFENSE",Woman,128000.0000
"AEROSPACE & DEFENSE MANUFACTURING",Woman,60000.0000
"AEROSPACE AND DEFENSE",Woman,78750.0000
"AEROSPACE CONTRACTING",Woman,122000.0000
"AEROSPACE DATA",Woman,57000.0000
"AEROSPACE MANUFACTURING",Man,154500.0000
AEROSPACE/AVIATION,Woman,83000.0000
AEROSPACE/DEFENSE,Woman,68800.0000
"AFFORDABLE HOUSING REAL ESTATE DEVELOPMENT (NONPROFIT)",Woman,144200.0000
"AGRICULTURE  OR F ORESTRY",Man,41250.0000
"AGRICULTURE  OR F ORESTRY",Woman,78506.6667
"AGRICULTURE  OR FORESTRY",Woman,44106.6667
"AGRICULTURE OR FORESTRY",Man,72565.2143
"AGRICULTURE OR FORESTRY",Non-binary,51463.8750
"AGRICULTURE OR FORESTRY","Other/Prefer not to answer",67275.0000
"AGRICULTURE OR FORESTRY",Woman,70740.7525
"AGRICULTURE/AGRICULTURE CHEMICAL",Man,91112.0000
AIRLINE,Woman,80000.0000
AMERICORPS,Woman,15400.0000
"ANALYTICAL CHEMISTRY",Woman,56000.0000
"ANALYTICAL LAB",Woman,30368.0000
ANALYTICS,Woman,162000.0000
"ANIMAL CARE",Woman,32244.5000
"ANIMAL CARETAKER",Woman,72800.0000
"ANIMAL HEALTH",Woman,72000.0000
"ANIMAL HEALTH INDUSTRY",Woman,127000.0000
"ANIMAL HEALTH PRODUCT MANUFACTURING",Woman,75000.0000
"ANIMAL WELFARE",Woman,82908.0000
ANIMATION,Woman,79000.0000
APPAREL,Woman,93333.3333
"APPAREL DESIGN/PRODUCT DEVELOPMENT",Woman,52000.0000
"APPAREL MANUFACTURE",Woman,66000.0000
ARCHAEOLOGIST,Man,48000.0000
ARCHAEOLOGY,Woman,55000.0000
"ARCHAEOLOGY / CULTURAL RESOURCE MANAGEMENT",Woman,79000.0000
"ARCHAEOLOGY/CULTURAL RESOURCE MANAGER","Other/Prefer not to answer",110000.0000
ARCHITECT,Woman,95250.0000
"ARCHITECTURAL/LAND PLANNING/CIVIL ENGINEERING",Woman,53500.0000
ARCHITECTURE,Man,58000.0000
ARCHITECTURE,Non-binary,53000.0000
ARCHITECTURE,"Other/Prefer not to answer",48880.0000
ARCHITECTURE,Woman,79689.6000
"ARCHITECTURE / ENGINEERING",Woman,62860.0000
"ARCHITECTURE & CONSTRUCTION",Woman,75000.0000
"ARCHITECTURE AND ENGINEERING CONSULTING AND DESIGN",Woman,101000.0000
"ARCHITECTURE, ENGINEERING, CONSTRUCTION",Man,150000.0000
ARCHITECTURE/CONSTRUCTION,Woman,77400.0000
ARCHIVES,Woman,61720.8000
ARCHIVES/LIBRARIES,Woman,62271.0000
"ARCHIVES/LIBRARY SCIENCE",Woman,52500.0000
"ART & DESIGN",Man,71673.4426
"ART & DESIGN",Non-binary,63570.0588
"ART & DESIGN","Other/Prefer not to answer",63800.0000
"ART & DESIGN",Woman,69824.1754
"ART APPRAISAL",Woman,39000.0000
"ARTS ADMINISTRATION",Woman,61000.0000
"ARTS, CULTURE AND HERITAGE",Woman,27030.0000
ASSOCIATION,Woman,67000.0000
"ASSOCIATION MANAGEMENT",Woman,58500.0000
"AUCTION HOUSE",Woman,37500.0000
"AUTO MFG.",Man,104000.0000
"AUTO REPAIR",Man,50000.0000
"AUTO REPAIR",Non-binary,31200.0000
"AUTO REPAIR",Woman,56000.0000
AUTOMOTIVE,Man,64500.0000
AUTOMOTIVE,Woman,97250.0000
"AUTOMOTIVE FINANCE AND INSURANCE",Woman,87500.0000
"AUTOMOTIVE REPAIR",Woman,35360.0000
"AUTOMOTIVE TECHNICIAN",Man,49000.0000
"AUTOMTIVE REPAIR",Woman,50000.0000
AVIATION,Man,28700.0000
AVIATION,Woman,63700.0000
"AWARDS  & ENGRAVING",Woman,35000.0000
"B2B SERVICES",Woman,115000.0000
"BACKGROUND SCREENING",Woman,69000.0000
BEAUTY,Woman,73700.0000
"BEAUTY /CPG",Woman,131000.0000
"BEAUTY MANUFACTURING & EDUCATION",Woman,35360.0000
"BEAUTY, COSMETICS, FRAGRANCE",Woman,105000.0000
"BEAUTY/SERVICE INDUSTRY",Woman,72800.0000
"BEER SALES",Man,60000.0000
"BEHAVIOR ANALYSIS/MENTAL HEALTH",Woman,90000.0000
"BEHAVIORAL HEALTH",Man,53560.0000
"BEHAVIORAL HEALTH",Woman,52416.0000
"BENEFITS ADMINISTRATION",Man,108000.0000
"BENEFITS ADMINISTRATION",Woman,89000.0000
BEVERAGE,Woman,67000.0000
"BEVERAGE & SPIRITS",Woman,103000.0000
"BEVERAGE DISTRIBUTION",Woman,40000.0000
"BEVERAGE PRODUCTION",Man,52600.0000
"BIO TECH",Woman,107250.0000
BIOINFORMATICS,Woman,110000.0000
"BIOLOGICAL RESEARCH",Woman,35182.0000
"BIOLOGICAL SCIENCES",Woman,78000.0000
BIOLOGIST,Woman,37000.0000
BIOLOGY,Man,29000.0000
BIOLOGY/RESEARCH,Non-binary,40000.0000
"BIOMEDICAL RESEARCH",Man,112500.0000
"BIOMEDICAL RESEARCH",Woman,63640.4545
BIOPHARMA,Man,114000.0000
BIOPHARMA,Woman,127000.0000
BIOPHARMACEUTICALS,Woman,150000.0000
"BIOSCIENCE COMPANY",Woman,47500.0000
BIOTECH,Man,115033.3333
BIOTECH,Non-binary,86000.0000
BIOTECH,Woman,101843.1136
"BIOTECH / PHARMACEUTICAL INDUSTRY",Woman,160000.0000
"BIOTECH / RESEARCH",Man,100000.0000
"BIOTECH MANUFACTURING",Woman,92000.0000
"BIOTECH PHARMACEUTICALS",Woman,116300.0000
"BIOTECH R&D",Woman,130000.0000
"BIOTECH RESEARCH",Woman,80250.0000
"BIOTECH/DRUG DEVELOPMENT",Woman,90000.0000
"BIOTECH/FOOD SAFETY",Man,66089.0000
BIOTECH/PHARMA,Man,105500.0000
BIOTECH/PHARMA,Woman,138111.1111
BIOTECH/PHARMACEUTICALS,Woman,123000.0000
BIOTECH/SOFTWARE,Woman,105000.0000
BIOTECHNOLOGY,Man,94700.0000
BIOTECHNOLOGY,Non-binary,49000.0000
BIOTECHNOLOGY,Woman,94279.4118
"BIOTECHNOLOGY, RESEARCH AND DEVELOPMENT",Woman,95000.0000
"BIOTECHNOLOGY/LIFE SCIENCES",Woman,84000.0000
BITECH,Woman,175000.0000
"BOOK PUBLISHING",Woman,54183.3333
"BRAIN RESEARCH",Woman,28000.0000
BREWING,Man,57000.0000
"BUSINESS  OR CONSULTING",Man,96000.0000
"BUSINESS  OR CONSULTING",Non-binary,37440.0000
"BUSINESS  OR CONSULTING",Woman,64178.0000
"BUSINESS OR CONSULTING",Man,97417.8417
"BUSINESS OR CONSULTING",Non-binary,75919.0000
"BUSINESS OR CONSULTING","Other/Prefer not to answer",103453.8462
"BUSINESS OR CONSULTING",Woman,93163.3601
"BUSINESS PROCESS OUTSOURCING",Woman,46840.0000
"BUSINESS SERVICES",Woman,50000.0000
BUYER,Woman,76650.0000
"CALL CENTER",Man,70000.0000
"CALL CENTER",Woman,25480.0000
"CANCER RESEARCH, NOT FOR PROFIT",Woman,71700.0000
CANNABIS,Man,65000.0000
CANNABIS,Woman,65500.0000
"CANNABIS COMPLIANCE",Woman,100000.0000
"CAREER & TECHNICAL TRAINING",Woman,46800.0000
CAREGIVER,Woman,33280.0000
"CBD MANUFACTURING",Woman,60000.0000
CHAPLAIN,Woman,40000.0000
CHARITY,Woman,17400.0000
CHEMICAL,Woman,110000.0000
"CHEMICAL MANUFACTURING",Woman,47902.0000
CHEMICALS,Woman,102000.0000
"CHEMICALS/ MATERIALS",Woman,109400.0000
CHEMISTRY,Non-binary,55883.0000
CHEMISTRY,Woman,107000.0000
"CHILD AND YOUT CARE",Man,36672.0000
"CHILD CARE",Woman,39350.0000
"CHILD CARE RESOURCE AND REFERRAL AGENCY",Woman,3200.0000
CHILDCARE,Non-binary,28100.0000
CHILDCARE,Woman,45044.0000
"CHILDCARE (0-5 SO DOES NOT COME UNDER PRIMARY EDUCATION)",Woman,19760.0000
"CHILDREN'S BOOK WHOLESALE",Woman,55000.0000
CHURCH,Man,50000.0000
CHURCH,Woman,45000.0000
"CHURCH MINISTRY",Woman,55000.0000
CLEANING,Woman,41600.0000
CLERGY,Man,50000.0000
CLERGY,Woman,71050.0000
"CLINICAL & TRANSLATIONAL RESERACH",Woman,76000.0000
"CLINICAL RESEARCH",Woman,81990.7500
"CLINICAL RESEARCH AND DEVELOPMENT",Woman,65000.0000
"CLINICAL RESEARCH MANAGER - ACADEMIC INSTITUTION",Woman,82000.0000
"CLINICAL TRIALS",Man,68000.0000
"CLINICAL TRIALS RESEARCH COORDINATION",Woman,44000.0000
COACHING,Woman,44000.0000
"COFFEE - IMPORTING",Non-binary,95000.0000
"COLLEGE ATHLETICS",Woman,37500.0000
"COMMERCIAL FISHERMAN",Man,26000.0000
"COMMERCIAL FURNITURE",Woman,40000.0000
"COMMERCIAL LANDSCAPING",Woman,42840.0000
"COMMERCIAL REAL ESTATE",Woman,77190.0000
"COMMERCIAL REAL ESTATE - PRIVATE EQUITY",Woman,72000.0000
"COMMERCIAL REAL ESTATE DATA  & ANALYTICS/RESEARCH",Woman,68700.0000
"COMMERCIAL REAL ESTATE TENANCY",Woman,43187.0000
"COMMODITIES TRADING",Woman,75000.0000
"COMMUNICATION RESEARCH",Woman,90456.0000
COMMUNICATIONS,Man,76500.0000
COMMUNICATIONS,Woman,57791.6667
COMMUNICATIONS/PUBLICATIONS,Woman,36920.0000
"COMMUNITY FOUNDATION",Woman,84000.0000
"COMMUNITY MANAGEMENT",Woman,64000.0000
COMPLIANCE,Woman,83104.3333
"COMPUTING  OR TECH",Man,91160.0000
"COMPUTING  OR TECH",Non-binary,67275.0000
"COMPUTING  OR TECH",Woman,96955.0000
"COMPUTING OR TECH",Man,112428.9720
"COMPUTING OR TECH",Non-binary,105491.2044
"COMPUTING OR TECH","Other/Prefer not to answer",109085.0000
"COMPUTING OR TECH",Woman,103602.9765
"COMPUTING/TECH + HIGHER ED + NONPROFIT",Non-binary,81200.0000
CONCRETE,Woman,44000.0000
"CONCRETE CONSTRUCTION",Man,28600.0000
CONSERVATION,Man,36000.0000
CONSTRUCTION,Man,62340.0000
CONSTRUCTION,Woman,78442.8571
"CONSTRUCTION / STONE INDUSTRY",Woman,23000.0000
"CONSTRUCTION MANAGEMENT",Woman,60000.0000
"CONSTRUCTION, HVAC",Woman,62400.0000
"CONSTRUCTION, MINING, MANUFACTURING",Woman,80000.0000
CONSULTANT,Man,60000.0000
CONSULTING,Man,100000.0000
CONSULTING,Non-binary,92000.0000
CONSULTING,Woman,110000.0000
"CONSULTING / PROFESSIONAL SERVICES",Non-binary,50000.0000
"CONSULTING OPERATIONS- BIG 4",Woman,100000.0000
"CONSUMER FOOD PRODUCTS",Woman,145000.0000
"CONSUMER GOOD (TOYS)",Woman,92000.0000
"CONSUMER GOODS",Man,130000.0000
"CONSUMER GOODS",Woman,91725.0000
"CONSUMER GOODS PRODUCTION",Woman,55000.0000
"CONSUMER PACKAGED GOODS",Man,125000.0000
"CONSUMER PACKAGED GOODS",Woman,113729.0000
"CONSUMER PRODUCT DESIGN",Man,117000.0000
"CONSUMER PRODUCT GOODS",Woman,75000.0000
"CONSUMER PRODUCT ORGANIZATION",Woman,85000.0000
"CONSUMER PRODUCTS",Woman,147000.0000
"CONSUMER PRODUCTS DESIGN",Woman,69000.0000
"CONSUMER RESEARCH",Woman,97000.0000
"CONSUMER/PACKAGED GOODS",Woman,95000.0000
"CONTACT CENTER",Woman,75000.0000
"CONTENT REVIEW - COPYRIGHT/DMCA",Man,51000.0000
"CONTRACT RESEARCH",Woman,105000.0000
"CONTRACT RESEARCH ORGANISATION",Woman,60121.0000
"CORPORATE ACCOUNTING IN DEATH CARE (FUNERAL & CEMETERY)",Woman,103000.0000
"CORPORATE LEARNING AND DEVELOPMENT",Woman,80000.0000
"CORPORATE SERVICE MANAGEMENT",Woman,66000.0000
"CORPORATE SUSTAINABILITY",Woman,98000.0000
"CORPORATE TRAVEL INDUSTRY",Woman,91000.0000
COSMETOLOGY,Woman,80000.0000
"COSTRUCTION ADMIN",Woman,38000.0000
COUNSELING,Woman,40000.0000
COUNSELLING,Woman,90000.0000
CPG,Woman,68000.0000
"CPG / RETAIL",Woman,175000.0000
"CRAFT BEER INDUSTRY",Woman,70000.0000
"CULTURAL (MUSEUMS/GALLERIES)",Woman,40000.0000
"CULTURAL HERITAGE",Woman,60500.0000
"CULTURAL RESOURCE MANAGEMENT",Woman,56388.0000
"CULTURAL RESOURCES MANAGEMENT/MAJOR UNIV.",Woman,30000.0000
CULTURE,Woman,15000.0000
"CURRENTLY A STUDENT",Man,0.0000
"CUSTOMER SERVICE",Man,41600.0000
"CUSTOMER SERVICE",Woman,33336.0000
"CUSTOMER SERVICE/CALL CENTER",Non-binary,40000.0000
"CUSTOMER SERVICE/PUBLISHING-ADJACENT",Woman,64500.0000
"DATA ANALYTICS",Man,55000.0000
"DATA BREACH",Man,56410.0000
"DATA ENTRY",Woman,31000.0000
"DATA/INSTITUTIONAL RESEARCH IN HIGHER EDUCATION",Woman,57211.0000
"DATABASE SUBSCRIPTION SERVICES",Woman,100000.0000
"DAYCARE FOR CHILDREN UNDER 5 YEARS OLD",Woman,10000.0000
DEFENSE,Man,71000.0000
DEFENSE,Woman,113492.1667
"DEFENSE CONTRACTING",Woman,102833.3333
"DEFENSE CONTRACTOR",Woman,69000.0000
"DELIVERY AND INSTALLATION FOR COMMERCIAL MACHINERY",Man,30000.0000
"DIAGNOSTIC MEDICAL DEVICES",Man,68000.0000
DIGITAL,Woman,42860.0000
"DIGITAL COMMERCE / ECOMMERCE",Man,100000.0000
"DIGITAL MARKETING",Woman,76700.0000
"DIGITAL MARKETING WITHIN A BOOK PUBLISHING COMPANY (PLEASE RECLASSIFY AS YOU SEE FIT)",Woman,50000.0000
"DIRECT SUPPORT  PROFESSIONAL  IN A GROUP  HOME",Man,32280.0000
"DISABILITY SERVICES",Woman,42000.0000
DISTRIBUTION,Woman,108000.0000
"DIVERSITY, EQUITY & INCLUSION",Woman,140000.0000
"DOD CONTRACTING",Woman,93000.0000
"DRUG DEVELOPMENT",Man,147000.0000
"E COMMERCE",Woman,42000.0000
E-COMM,Woman,115000.0000
E-COMMERCE,Woman,54708.3333
E-LEARNING,Woman,47000.0000
EAP,Woman,73000.0000
"EARLY CHILDHOOD EDUCATION",Woman,63166.6667
"EARLY CHILDHOOD EDUCATION (PRESCHOOL)",Woman,106000.0000
"EARLY EDUCATION","Other/Prefer not to answer",40000.0000
"EARLY EDUCATION (CORPORATE OFFICE)",Woman,52000.0000
"EARTH SCIENCES",Woman,75000.0000
ECOLOGY,Woman,54000.0000
ECOMMERCE,Woman,83920.0000
"ECOMMERCE - TECHNOLOGY",Man,125000.0000
"ECOMMERCE FRAUD",Woman,120000.0000
ECONOMICS,Woman,138000.0000
"ED TECH",Woman,82500.0000
"EDITOR IN EDUCATIONAL PUBLISHING",Woman,49000.0000
EDTECH,Woman,58500.0000
"EDUC TECH",Woman,42000.0000
"EDUCATION (EARLY CHILDHOOD EDUCATION)",Woman,62400.0000
"EDUCATION (EARLY CHILDHOOD)",Woman,60000.0000
"EDUCATION (HIGHER EDUCATION)",Man,71417.2621
"EDUCATION (HIGHER EDUCATION)",Non-binary,55573.4000
"EDUCATION (HIGHER EDUCATION)","Other/Prefer not to answer",63880.3636
"EDUCATION (HIGHER EDUCATION)",Woman,66117.1080
"EDUCATION (OTHER)",Non-binary,70270.0000
"EDUCATION (PRIMARY/SECONDARY)",Man,57834.2609
"EDUCATION (PRIMARY/SECONDARY)",Non-binary,58260.8500
"EDUCATION (PRIMARY/SECONDARY)","Other/Prefer not to answer",70600.0000
"EDUCATION (PRIMARY/SECONDARY)",Woman,61825.2625
"EDUCATION CONSULTING",Woman,118000.0000
"EDUCATION PUBLISHING",Woman,52500.0000
"EDUCATION RESEARCH- MIX OF EDTECH & NON PROFITS",Woman,140000.0000
"EDUCATION SERVICE PROVIDER",Woman,116000.0000
"EDUCATION SERVICES (TUTORING)",Man,100000.0000
"EDUCATION START-UP",Woman,93600.0000
"EDUCATION WRITING",Woman,48500.0000
"EDUCATION- MUSEUM/PUBLIC OUTREACH",Woman,84000.0000
"EDUCATION: PRESCHOOL",Woman,100000.0000
EDUCATION/VOCATIONAL,Man,100000.0000
"EDUCATIONAL ASSESSMENT",Woman,74000.0000
"EDUCATIONAL PRODUCTS",Woman,42000.0000
"EDUCATIONAL PUBLISHING",Man,90000.0000
"EDUCATIONAL PUBLISHING",Woman,74500.0000
"EDUCATIONAL PUBLISHING / ED TECH",Man,124000.0000
"EDUCATIONAL RESEARCH",Woman,56000.0000
"EDUCATIONAL TECHNOLOGY",Woman,79000.0000
"EDUCATIONAL TECHNOLOGY - HYBRID BETWEEN BOOK PUBLISHING AND TECHNOLOGY REALLY",Woman,67000.0000
"EMERGENCY MANAGEMENT",Woman,76000.0000
ENERGY,Man,132999.7500
ENERGY,Woman,113312.5000
"ENERGY - OIL AND GAS",Woman,150000.0000
"ENERGY (OIL & GAS)",Man,120000.0000
"ENERGY SECTOR: OIL & GAS",Man,47000.0000
"ENERGY SUPPLIER",Woman,73000.0000
"ENERGY, OIL & GAS",Woman,130000.0000
"ENERGY, OIL AND GAS",Woman,125000.0000
"ENERGY: OIL & GAS",Man,75000.0000
ENERGY/OIL,Woman,62000.0000
"ENGINEERING  OR MANUFACTURING",Man,98000.0000
"ENGINEERING  OR MANUFACTURING",Woman,67754.6875
"ENGINEERING - MINING",Man,127000.0000
"ENGINEERING AND ENVIRONMENTAL CONSULTING",Woman,75000.0000
"ENGINEERING OR MANUFACTURING",Man,95289.9956
"ENGINEERING OR MANUFACTURING",Non-binary,75383.9000
"ENGINEERING OR MANUFACTURING","Other/Prefer not to answer",90562.6667
"ENGINEERING OR MANUFACTURING",Woman,89804.7626
ENTERTAINMENT,Man,84244.6939
ENTERTAINMENT,Non-binary,48312.5000
ENTERTAINMENT,"Other/Prefer not to answer",82790.0000
ENTERTAINMENT,Woman,76561.7296
"ENTERTAINMENT DATA",Non-binary,52000.0000
"ENTREPRENEUR HIGH NET WORTH",Woman,46000.0000
"ENV. CONSULTING",Man,60000.0000
ENVIROMENTAL,Man,72000.0000
ENVIRONMENT,Man,46000.0000
ENVIRONMENT,Woman,45000.0000
"ENVIRONMENT - OIL  & GAS",Woman,124800.0000
"ENVIRONMENT AND SUSTAINABILITY",Woman,27000.0000
"ENVIRONMENT, HEALTH, AND SAFETY",Woman,70000.0000
ENVIRONMENTAL,Man,71650.0000
ENVIRONMENTAL,Woman,55911.1111
"ENVIRONMENTAL COMPLIANCE",Woman,67333.3333
"ENVIRONMENTAL COMPLIANCE/ENGINEERING",Woman,87460.0000
"ENVIRONMENTAL CONSULTANTING",Woman,40200.0000
"ENVIRONMENTAL CONSULTING",Man,85000.0000
"ENVIRONMENTAL CONSULTING","Other/Prefer not to answer",89000.0000
"ENVIRONMENTAL CONSULTING",Woman,72270.0000
"ENVIRONMENTAL HEALTH  & SAFETY COMPLIANCE",Woman,48000.0000
"ENVIRONMENTAL HEALTH + PEST CONTROL",Woman,57900.0000
"ENVIRONMENTAL HEALTH AND SAFETY",Man,46000.0000
"ENVIRONMENTAL HEALTH AND SAFETY",Woman,52000.0000
"ENVIRONMENTAL PLANNING",Woman,77500.0000
"ENVIRONMENTAL REGULATION",Woman,58.0000
"ENVIRONMENTAL RESTORATION",Woman,61050.0000
"ENVIRONMENTAL SCIENCE",Man,70000.0000
"ENVIRONMENTAL SCIENCE",Woman,77666.6667
"ENVIRONMENTAL SCIENCES",Woman,55000.0000
"ENVIRONMENTAL SERVICES",Woman,62500.0000
"ENVIRONMENTAL SURVEY",Woman,52000.0000
"ENVIRONMENTAL/CULTURAL RESOURCE MANAGEMENT",Woman,48500.0000
ENVIRONMNETAL,Woman,43000.0000
"EXECUTIVE LEADERSHIP SERVIS",Woman,88000.0000
"EXECUTIVE SEARCH",Woman,92500.0000
FACILITIES,Woman,52000.0000
FAITH/SPIRITUALITY,Woman,72000.0000
"FAMILY OFFICE",Woman,122500.0000
FASHION,Woman,90000.0000
FASHION/E-COMMERCE,Woman,58500.0000
"FAST CASUAL RESTAURANT",Non-binary,38188.0000
"FAST FOOD","Other/Prefer not to answer",31200.0000
"FAST FOOD",Woman,29120.0000
"FEDERAL CONTRACTING/BUSINESS DEVELOPMENT",Man,70000.0000
"FEDERAL GOVERNMENT CONTRACTING",Woman,125500.0000
"FILM POST-PRODUCTION",Man,95000.0000
FINANCE,Woman,112200.0000
"FINANCE/INVESTMENT MANAGEMENT BUT IN LEGAL/COMPLIANCE, SO BACK-OFFICE",Woman,125000.0000
FINTECH,Woman,105833.3333
"FINTECH/PAYMENT PROCESSING",Woman,58500.0000
"FIRE PROTECTION",Woman,70000.0000
FITNESS,Woman,48916.6667
"FITNESS & ENTERTAINMENT",Woman,75000.0000
FMCG,Woman,75000.0000
"FMCG DEVELOPMENT",Man,32524.0000
FOOD,Man,37440.0000
FOOD,Woman,70000.0000
"FOOD & BEVERAGE",Man,113500.0000
"FOOD & BEVERAGE",Woman,67000.0000
"FOOD & BEVERAGE PRODUCTION",Man,90000.0000
"FOOD & BEVERAGES",Woman,55000.0000
"FOOD & NUTRITION","Other/Prefer not to answer",105000.0000
"FOOD AND BEVERAGE",Man,20000.0000
"FOOD AND BEVERAGE",Woman,100000.0000
"FOOD AND DRINK",Woman,20287.0000
"FOOD AND FLAVOR",Woman,104000.0000
"FOOD DEMOS",Woman,27000.0000
"FOOD DISTRIBUTION",Woman,47980.0000
"FOOD INDUSTRY",Man,68000.0000
"FOOD INDUSTRY",Woman,72500.0000
"FOOD MANUFACTURE",Man,63000.0000
"FOOD MANUFACTURERS",Woman,22000.0000
"FOOD MANUFACTURING",Woman,63048.0000
"FOOD PROCESSING",Woman,71000.0000
"FOOD PROCESSING AND PACKAGING",Woman,84000.0000
"FOOD PRODUCTION",Woman,62840.0000
"FOOD PRODUCTION/PROCESSING",Woman,29000.0000
"FOOD SERVICE",Man,47000.0000
"FOOD SERVICE",Non-binary,21840.0000
"FOOD SERVICE","Other/Prefer not to answer",21000.0000
"FOOD SERVICE",Woman,29224.0000
"FOOD SERVICE --- BAKING",Woman,35350.0000
"FOOD/BEVERAGE MANUFACTURING- QUALITY/LABORATORY",Woman,52500.0000
"FOOD/QUICK SERVICE RESTAURANT (QSR)",Man,110000.0000
FOODSERVICE,Woman,115000.0000
"FOR PROFIT EDUCATION",Woman,66000.0000
FORENSICS,Woman,65000.0000
"FORKLIFT OPERATOR WAREHOUSE",Man,40560.0000
"FREELANCE JOURNALISM",Man,12000.0000
"FREELANCE/SELF-EMPLOYED CONSULTANT",Man,120000.0000
"FUNDING INTERMEDIARY",Woman,115000.0000
FUNDRAISING,Woman,96250.0000
"FUNDRAISING FOR A UNIVERSITY",Woman,100440.0000
"FUNDRAISING IN HIGHER EDUCATION; NONCLINICAL, NONACADEMIC","Other/Prefer not to answer",44000.0000
FUNERAL,Woman,56500.0000
"FUNERAL SERVICE",Woman,34640.0000
"FUNERAL SERVICES",Woman,58642.0000
GAMBLING,Woman,66820.0000
"GAME DEVELOPMENT",Woman,96500.0000
"GAMES DEVELOPMENT",Woman,48000.0000
GAMING,Non-binary,140000.0000
GAMING,Woman,68500.0000
"GAMING (GAMBLING)",Man,72000.0000
"GAS & OIL",Woman,75000.0000
GEOSPATIAL,Man,88007.0000
"GLOBAL HEALTH CONSULTING",Woman,140000.0000
"GLOBAL MOBILITY",Woman,57500.0000
GOVERNMENT,Woman,70000.0000
"GOVERNMENT  & PUBLIC ADMINISTRATION",Man,88297.9091
"GOVERNMENT  & PUBLIC ADMINISTRATION",Non-binary,65987.5000
"GOVERNMENT  & PUBLIC ADMINISTRATION","Other/Prefer not to answer",90250.0000
"GOVERNMENT  & PUBLIC ADMINISTRATION",Woman,79723.6719
"GOVERNMENT & PUBLIC ADMINISTRATION",Man,72470.8000
"GOVERNMENT & PUBLIC ADMINISTRATION",Non-binary,53930.8571
"GOVERNMENT & PUBLIC ADMINISTRATION","Other/Prefer not to answer",112150.0000
"GOVERNMENT & PUBLIC ADMINISTRATION",Woman,76515.5847
"GOVERNMENT &PUBLIC ADMINISTRATION",Man,63184.0000
"GOVERNMENT &PUBLIC ADMINISTRATION",Non-binary,42500.0000
"GOVERNMENT &PUBLIC ADMINISTRATION",Woman,75062.8571
"GOVERNMENT AFFAIRS/LOBBYING",Woman,130000.0000
"GOVERNMENT AND PUBLIC ADMINISTRATION",Man,89201.7772
"GOVERNMENT AND PUBLIC ADMINISTRATION",Non-binary,56280.0606
"GOVERNMENT AND PUBLIC ADMINISTRATION","Other/Prefer not to answer",72035.6842
"GOVERNMENT AND PUBLIC ADMINISTRATION",Woman,80965.4192
"GOVERNMENT CONTRACT",Woman,42300.0000
"GOVERNMENT CONTRACTING",Woman,108760.0000
"GOVERNMENT CONTRACTING (DATA ANALYTICS AND PROGRAM EVALUATIONS)",Woman,86000.0000
"GOVERNMENT CONTRACTING R&D",Woman,100000.0000
"GOVERNMENT CONTRACTOR",Woman,81407.0000
"GOVERNMENT CONTRACTOR (R&D)",Woman,55000.0000
"GOVERNMENT CONTRACTOR, INTERNATIONAL DEVELOPMENT",Woman,135000.0000
"GOVERNMENT RELATION",Woman,130000.0000
"GOVERNMENT RELATIONS",Woman,93875.0000
"GOVERNMENT RELATIONS - LOBBYING",Woman,65000.0000
"GOVERNMENT RELATIONS/LOBBYING",Woman,59000.0000
"GOVERNMENT RESEARCH",Woman,75400.0000
"GOVERNMENT- SCIENTIST",Woman,100000.0000
"GOVT CONTRACTOR - NOT DIRECT GOVT BUT THEY PAY MY COMPANY WHO IN TURN PAYS ME",Woman,100000.0000
"GOVT CONTRACTOR - NOT DIRECTLY GOVT BUT THEY PAY ME",Woman,100000.0000
"GOVTECH SOFTWARE AS A SERVICE",Woman,60171.0000
"GRADUATE ASSISTANT & ALSO EVENTS",Woman,24000.0000
"GRADUATE STUDENT",Man,2350.0000
"GRANTWRITING CONSULTANTS",Woman,94000.0000
"GROCERY DELIVERY",Woman,50000.0000
"GROCERY DISTRIBUTION",Non-binary,52532.0000
"GROCERY DISTRIBUTION",Woman,52600.0000
GYMS,Woman,60000.0000
"HARDWARE MANUFACTURING",Woman,95000.0000
"HAZ/IND/RAD WASTE MANAGEMENT",Woman,100000.0000
"HEALTH  & FITNESS",Woman,43680.0000
"HEALTH AND SAFETY",Man,153000.0000
"HEALTH CARE",Man,84605.9831
"HEALTH CARE",Non-binary,76917.5789
"HEALTH CARE","Other/Prefer not to answer",79522.2258
"HEALTH CARE",Woman,79737.3528
"HEALTH INSURANCE",Woman,72000.0000
"HEALTH RESEARCH",Woman,61000.0000
"HEALTHCARE INFORMATION TECHNOLOGY",Woman,63000.0000
"HEALTHCARE IT",Woman,125360.0000
"HEALTHCARE TECHNOLOGY",Woman,83900.0000
HERITAGE,Woman,35089.5000
"HERITAGE/PUBLIC HISTORY",Woman,37500.0000
"HIGH END OUTDOOR FURNITURE MANUFACTURER",Woman,53000.0000
"HIGHER EDUCATION FUNDRAISING",Woman,59000.0000
"HIGHER EDUCATION/LIBRARIES",Woman,62000.0000
"HISTORIC PRESERVATION",Woman,75000.0000
HOMEMAKER,Woman,0.0000
HORTICULTURE,Woman,37440.0000
"HORTICULTURE (ADMIN)",Woman,50600.0000
HOSPITAL,Woman,77500.0000
"HOSPITALITY & EVENTS",Man,62598.1364
"HOSPITALITY & EVENTS",Non-binary,31269.0000
"HOSPITALITY & EVENTS","Other/Prefer not to answer",40183.3333
"HOSPITALITY & EVENTS",Woman,61489.3744
"HOUSEHOLD SERVICES",Non-binary,62400.0000
HOUSEKEEPER/COOK,Woman,44000.0000
HRO,Woman,64000.0000
"HUMAN CAPITAL MANAGEMENT",Woman,108000.0000
"HUMAN RESOURCES",Woman,28711.5000
"HUMAN SERVICES",Woman,33280.0000
"HYBRID NONPROFIT HIGHER EDUCATION (WE ARE PART OF A UNIVERSITY BUT OUR ENTIRE BUDGET COMES FROM GRANTS)",Woman,49500.0000
"I HAVE TWO JOBS. MARKETING / BUSINESS",Woman,135000.0000
"I WORK AT A PROPERTY TAX MANAGEMENT COMPANY. NOT SURE WHERE THIS FITS IN. CONSULTING MAYBE?",Woman,37500.0000
"I WORK FOR INDEED.COM",Woman,68000.0000
"I WORK IN THE FINANCE FUNCTION OF A LARGE GLOBAL CONGLOMERATE",Woman,90000.0000
IMMIGRATION,Woman,43000.0000
"IN-HOUSE MARKETING",Woman,72000.0000
"INDIVIDUAL & FAMILY SERVICES",Woman,80000.0000
"INDUSTRIAL CLEANING & NON HAZARDOUS TRANSP ORT",Woman,55000.0000
"INDUSTRIAL HYGIENE",Woman,90000.0000
"INDUSTRIAL SUPPLY",Man,67000.0000
INFORMATION,Woman,135000.0000
"INFORMATION MANAGEMENT/ARCHIVES",Woman,55000.0000
"INFORMATION SCIENCES",Woman,77200.0000
"INFORMATION SERVICES",Woman,21500.0000
"INFORMATION SERVICES (LIBRARIES)",Woman,67231.0000
"INFORMATION SERVICES (LIBRARY)",Woman,35172.0000
"INFORMATION SERVICES/LIBRARIES",Woman,53000.0000
"INFORMATION TECHNOLOGY",Man,70000.0000
"INFORMATION TECHNOLOGY",Woman,99952.0000
"INFORMATION TECHNOLOGY (IT)",Woman,102000.0000
"INSTRUCTIONAL DESIGN AND TRAINING",Woman,104000.0000
"INSTRUCTIONAL DESIGN, AVIATION INDUSTRY",Woman,52000.0000
"INSTRUCTIONAL DESIGNER",Woman,80000.0000
INSURANCE,Man,94788.7143
INSURANCE,Non-binary,49201.5556
INSURANCE,"Other/Prefer not to answer",103583.3333
INSURANCE,Woman,78734.7488
INTELLIGENCE,Woman,110000.0000
"INTERGOVERNMENTAL ORGANIZATION",Woman,60000.0000
"INTERIOR DESIGN (COMMERCIAL)",Non-binary,40000.0000
"INTERIOR DESIGN & ARCHITECTURE",Woman,59000.0000
"INTERIOR LANDSCAPING",Non-binary,33000.0000
"INTERNAL COMMUNICATIONS",Woman,100800.0000
"INTERNATIONAL DEFENCE",Woman,75000.0000
"INTERNATIONAL DEVELOPMENT",Man,55000.0000
"INTERNATIONAL DEVELOPMENT",Woman,97250.0000
"INTERNATIONAL DEVELOPMENT (MULTILATERAL DONOR)",Woman,111360.0000
"INTERNATIONAL ORGANISATIONS",Woman,170000.0000
"INTERNATIONAL ORGANIZATION (UN)",Woman,83000.0000
INTERNET,Woman,117500.0000
INVESTING,Woman,58000.0000
IT,Woman,79260.0000
"IT MSP",Woman,60000.0000
"IT SECURITY",Man,116000.0000
"IT SECURITY",Woman,43680.0000
JANITORIAL,Non-binary,29120.0000
JOURNALISM,Man,47500.0000
JOURNALISM,Woman,32800.0000
"LAB SCIENCE (BIOTECH)",Man,83200.0000
LABOR,Woman,66617.0000
"LABOR UNION",Woman,74139.2500
"LABORATORY RESEARCH",Woman,48000.0000
"LABOUR/PROFESSIONAL ORGANIZATION",Woman,62000.0000
"LANDED ESTATE",Woman,39000.0000
"LANDSCAPE ARCHITECTURE",Woman,82000.0000
"LANDSCAPE CONTRACTING",Woman,47840.0000
LANDSCAPING,Woman,48000.0000
"LANDSCAPING/TREE WORK",Woman,58240.0000
"LANGUAGE SERVICES",Woman,87000.0000
"LANGUAGE SERVICES COMPANY, UNSURE THE BROAD CATEGORY TO USE. OUR CLIENTS ARE BRANDING AGENCIES, & THEIR CLIENTS ARE FREQUENTLY (BUT NOT ALWAYS) PHARMACEUTICAL COMPANIES.","Other/Prefer not to answer",70000.0000
"LARGE UNIVERSITY ADMINISTRATION",Woman,92000.0000
"LAUNDRY AND RENTAL",Woman,62000.0000
LAW,Man,109112.0444
LAW,Non-binary,62552.3529
LAW,"Other/Prefer not to answer",114072.2222
LAW,Woman,88494.2537
"LAW ENFORCEMENT & SECURITY",Man,64341.0000
"LAW ENFORCEMENT & SECURITY",Non-binary,32162.5000
"LAW ENFORCEMENT & SECURITY",Woman,64094.3548
"LAW LIBRARY",Woman,41000.0000
"LEARNING & DEVELOPMENT",Woman,68000.0000
"LEARNING AND DEVELOPMENT",Man,62000.0000
"LEGAL SERVICES",Woman,58500.0000
"LEISURE, SPORT & TOURISM",Man,46134.4615
"LEISURE, SPORT & TOURISM",Non-binary,27500.0000
"LEISURE, SPORT & TOURISM",Woman,62116.8519
LIBRARIAN,Non-binary,45700.0000
LIBRARIAN,Woman,55146.2500
"LIBRARIAN AND ASSISTANT MANAGER OF A LIBRARY",Woman,81000.0000
"LIBRARIAN IN LEGAL SETTING",Woman,78000.0000
"LIBRARIAN--CONTRACTOR FOR NASA",Woman,63000.0000
LIBRARIES,Man,59091.3333
LIBRARIES,Non-binary,50033.8000
LIBRARIES,"Other/Prefer not to answer",48433.3333
LIBRARIES,Woman,62828.3953
"LIBRARIES (MEDICAL)",Woman,92000.0000
"LIBRARIES (PUBLIC)",Non-binary,46000.0000
"LIBRARIES (PUBLIC)",Woman,42000.0000
"LIBRARIES / ARCHIVES / INFORMATION",Woman,51000.0000
"LIBRARIES & ARCHIVES",Woman,51500.0000
"LIBRARIES & ARCHIVES (ACADEMIC)",Woman,53000.0000
"LIBRARIES AND ARCHIVES",Woman,65566.6667
LIBRARIES/ARCHIVES,Non-binary,41120.0000
LIBRARIES/MUSEUMS/ARCHIVES,Woman,40830.0000
LIBRARY,Man,50596.0000
LIBRARY,Non-binary,57245.0000
LIBRARY,"Other/Prefer not to answer",30000.0000
LIBRARY,Woman,56940.3774
"LIBRARY  & INFORMATION SERVICES",Woman,55200.0000
"LIBRARY (ITS A NON-PROFIT AND ITS A GOVT JOB - HOW WOULD I LIST THAT? NOT ALL LIBRARIES ARE GOVT JOBS)",Woman,41394.0000
"LIBRARY (UNIVERSITY)",Woman,45726.0000
"LIBRARY &INFORMATION SCIENCE",Woman,46183.0000
"LIBRARY AT A UNIVERSITY",Woman,49000.0000
"LIBRARY PAGE (PUBLIC COUNTY LIBRARY)",Woman,38480.0000
"LIBRARY SCIENCE / PART-TIME WORK/STUDY",Non-binary,24252.0000
"LIBRARY TECH FOR A SCHOOL SYSTEM",Woman,50000.0000
LIBRARY--PUBLIC,Woman,81916.0000
LIBRARY/ARCHIVE,Man,40000.0000
"LIBRARY/ARCHIVE/RESEARCH CENTER",Woman,85000.0000
LIBRARY/ARCHIVES,Woman,46700.0000
"LIBRARY/INFORMATION MANAGMENT",Woman,23665.0000
"LIFE SCIENCE CAPABILITY DEVELOPMENT",Woman,50000.0000
"LIFE SCIENCES",Man,82000.0000
"LIFE SCIENCES",Woman,93449.2000
"LIFE SCIENCES (NOT IN ACADEMIA)",Woman,111000.0000
LITERATURE,Woman,54000.0000
LOBBYING,Man,80000.0000
"LOBBYING AND CONSULTING",Woman,75000.0000
LOGISTICS,Woman,72775.0000
"LOW-VOLTAGE EQUIPMENT",Man,45000.0000
"LUXURY FASHION",Woman,68000.0000
MAINTENANCE,Man,87000.0000
"MANAGEMENT CONSULTING",Woman,180000.0000
MANUFACTURING,Man,71345.2000
MANUFACTURING,"Other/Prefer not to answer",60800.0000
MANUFACTURING,Woman,76393.9048
"MANUFACTURING  & DISTRIBUTING",Woman,38800.0000
"MANUFACTURING : CORPORATE ADMIN SUPPORT",Woman,70000.0000
"MANUFACTURING (MEDICAL DEVICES)",Woman,109000.0000
"MANUFACTURING (PERSONAL CARE)",Woman,94000.0000
"MANUFACTURING (PHARMACEUTICALS)",Woman,114240.0000
"MANUFACTURING SECURITY SYSTEMS",Woman,64260.0000
"MANUFACTURING, CHEMICAL",Woman,67000.0000
"MANUFACTURING/CONSUMER PACKAGED GOODS",Woman,100000.0000
MANUFACTURING/WHOLESALE,Woman,58212.0000
MARITIME,Man,67580.0000
"MARKET RESEARCH",Man,77000.0000
"MARKET RESEARCH",Non-binary,64000.0000
"MARKET RESEARCH",Woman,62208.3333
"MARKETING AT A NON PROFIT",Woman,58000.0000
"MARKETING TECHNOLOGY",Non-binary,71500.0000
"MARKETING, ADVERTISING & PR",Man,84603.2324
"MARKETING, ADVERTISING & PR",Non-binary,66015.4444
"MARKETING, ADVERTISING & PR","Other/Prefer not to answer",69100.0000
"MARKETING, ADVERTISING & PR",Woman,80612.8230
MEDCOMMS,Woman,36000.0000
"MEDIA & DIGITAL",Man,85190.9225
"MEDIA & DIGITAL",Non-binary,69361.4783
"MEDIA & DIGITAL","Other/Prefer not to answer",65216.6667
"MEDIA & DIGITAL",Woman,75759.7442
"MEDICA EDUCATION",Woman,90898.0000
"MEDICAL COMMUNICATIONS",Woman,117500.0000
"MEDICAL DEVICE",Woman,119500.0000
"MEDICAL DEVICES",Man,96000.0000
"MEDICAL DEVICES",Woman,75577.5000
"MEDICAL INTERPRETER -(SPANISH)",Woman,30000.0000
"MEDICAL LIBRARY",Woman,75950.0000
"MEDICAL RESEARCH",Non-binary,54500.0000
"MEDICAL RESEARCH",Woman,74250.0000
"MEDICAL SCIENCES",Woman,41000.0000
"MEDICAL SUPPLY WHOLESALE & WAREHOUSING",Woman,33000.0000
"MEDICAL TECHNOLOGY",Woman,96000.0000
"MENTAL HEALTH",Woman,41359.6667
"MENTAL HEALTH THERAPIST",Woman,73611.0000
MILITARY,Man,55000.0000
MILITARY,Woman,97000.0000
MINING,Man,98500.0000
MINING,Woman,83473.3333
"MINING & MINERAL PROCESSING",Man,55000.0000
"MINING/MINERAL EXPLORATION",Woman,65000.0000
"MINING/RESOURCE EXTRACTION",Woman,74568.0000
MINISTRY,Man,42000.0000
MINISTRY,Woman,45875.0000
MORTGAGE,Woman,49666.6667
"MUNICIPAL (PUBLIC) LIBRARIES",Woman,66000.0000
"MUNICIPAL GOVERNMENT (LIBRARY)",Woman,54953.0000
"MUNICIPAL LIBRARY",Woman,63000.0000
MUSEUM,Man,51575.0000
MUSEUM,Woman,63123.3750
"MUSEUM - NONPROFIT",Woman,65000.0000
"MUSEUM (<20 EMPLOYEES)",Woman,52000.0000
"MUSEUM (UNIVERSITY AFFILIATED)",Woman,40.0000
"MUSEUM EDUCATION",Woman,36663.0000
"MUSEUM LIBRARY",Man,30877.0000
MUSEUMS,Man,85250.0000
MUSEUMS,Woman,57508.8000
"MUSEUMS & ARCHIVES",Woman,43680.0000
"MUSEUMS & ARCHIVES (NOT SURE WHERE THIS WOULD FALL)",Woman,35360.0000
"MUSEUMS: NONPROFIT",Woman,42000.0000
MUSIC,Man,65000.0000
"MUSIC LICENSING",Man,58000.0000
"MUSIC THERAPY",Woman,56000.0000
"MUSIC, EDUCATION",Woman,100000.0000
"MUSIC: FREELANCE, PERFORMING AND EDUCATION",Woman,50000.0000
"MY COMPANY SELLS & SERVICES VARIOUS TYPES OF PRINTERS, MOSTLY KYOCERA.",Woman,35000.0000
"NATIONAL LABORATORY",Woman,115000.0000
"NATURAL RESOURCES",Woman,53498.5000
"NON PROFIT THEATER",Woman,78250.0000
"NON-PROFIT HEALTH CARE (I COULDNâ€™T SELECT BOTH)",Woman,46700.0000
"NON-PROFIT THEATRE",Woman,72000.0000
"NONPROFIT - LEGAL DEPARTMENT",Woman,69000.0000
"NONPROFIT - LORT D THEATER",Woman,43000.0000
"NONPROFIT ASSOCIATION",Woman,69000.0000
"NONPROFIT SCHOLARLY SOCIETY PUBLISHER",Woman,111000.0000
NONPROFITS,Man,74846.1493
NONPROFITS,Non-binary,54290.5465
NONPROFITS,"Other/Prefer not to answer",73959.9032
NONPROFITS,Woman,69396.6736
"NOT FOR PROFIT EDUCATION CONSULTANCY",Woman,36700.0000
"NOT-FOR-PROFIT HEALTH RESEARCH CONSULTING",Man,160000.0000
"NOT-FOR-PROFIT MEMBERSHIP ORGANIZATION",Woman,77000.0000
"NUCLEAR RESEARCH",Man,122000.0000
"OBLIGATORY MILITARY SERVICE",Man,2975.0000
"OCEANOGRAPHY RESEARCH",Non-binary,45000.0000
"OFFICE ADMIN",Woman,36400.0000
"OFFICE ADMINISTRATION",Woman,41000.0000
"OIL  & GAS EXPL ORATION",Man,41500.0000
"OIL  & GAS EXPLORATION",Man,60000.0000
"OIL & GAS",Man,66022.5000
"OIL & GAS",Woman,98479.1667
"OIL & GAS - NON DESTRUCTIVE TESTING",Woman,59000.0000
"OIL AND GAS",Man,132275.0000
"OIL AND GAS",Woman,69600.0000
"OIL AND GAS SAFETY TRAINING",Woman,56000.0000
"OILFIELD ADJACENT",Woman,52234.0000
"ONLINE EDUCATION",Woman,75000.0000
"ONLINE EDUCATION STARTUP (NON-TECHNICAL ROLE)",Woman,39800.0000
"ONLINE LEARNING",Woman,43000.0000
"OPERATIONAL TRAINING",Woman,45000.0000
OPERATIONS,Woman,110000.0000
"ORGANIZATIONAL DEVELOPMENT",Woman,99100.0000
"ORGANIZED LABOR",Woman,104748.0000
"OUTDOOR INDUSTRY/REPAIR AND MAINTENANCE",Woman,37000.0000
"OUTSOURCED CUSTOMER SERVICE/TECH SUPPORT CALL CENTRE",Woman,2400.0000
"OUTSOURCING SERVICES",Man,90000.0000
"PAID STUDENT INTERN IN TECH",Woman,40000.0000
PARKING,Woman,63000.0000
"PARKS AND RECREATION, LAND MANAGEMENT BUT WITH CUSTOMER SERVICE INCLUDED",Woman,27460.0000
"PATENT TRANSLATION",Woman,52500.0000
"PAYMENT PROCESSING",Woman,73185.0000
"PAYROLL SOFTWARE",Woman,51001.0000
"PENSION BENEFIT ADMINISTRATION",Man,72000.0000
"PER SITTER",Woman,43800.0000
"PERFORMING ARTS",Woman,41500.0000
"PEST CONTROL",Woman,75000.0000
PET,Woman,53000.0000
"PET CARE",Woman,41600.0000
"PET CARE INDUSTRY",Woman,35360.0000
"PET CARE INDUSTRY (DOG TRAINING/WALKING)",Woman,48500.0000
"PET CARE/GROOMING","Other/Prefer not to answer",25000.0000
PHARMA,Man,133800.0000
PHARMA,"Other/Prefer not to answer",107000.0000
PHARMA,Woman,105583.3333
"PHARMA / MEDICAL DEVICE DESIGN AND MANUFACTURING",Woman,188000.0000
"PHARMA & BIOTECH",Woman,125760.0000
"PHARMA R&D",Woman,165000.0000
"PHARMA RESEARCH",Woman,180000.0000
"PHARMA/ RESEARCH",Woman,185000.0000
PHARMA/BIOTECH,Woman,151500.0000
PHARMA/BIOTECHNOLOGY,Man,168000.0000
PHARMA/BIOTECHNOLOGY,Woman,104500.0000
"PHARMACEITICAL MANUFACTURING",Woman,96304.0000
PHARMACEUTICAL,Man,82000.0000
PHARMACEUTICAL,Non-binary,98000.0000
PHARMACEUTICAL,Woman,106817.3704
"PHARMACEUTICAL COMPANY",Woman,188000.0000
"PHARMACEUTICAL DEVELOPMENT",Woman,124500.0000
"PHARMACEUTICAL INDUSTRY",Woman,94750.0000
"PHARMACEUTICAL MANUFACTURING",Woman,80675.0000
"PHARMACEUTICAL R&D",Man,78000.0000
"PHARMACEUTICAL R&D",Woman,119000.0000
"PHARMACEUTICAL RESEARCH",Woman,78750.0000
"PHARMACEUTICAL RESEARCH (CHEMIST)",Woman,64000.0000
"PHARMACEUTICAL RESEARCH & DEVELOPMENT",Man,37500.0000
PHARMACEUTICAL/BIOTECH,Woman,160000.0000
"PHARMACEUTICAL/CONTRACT RESEARCH ORGANIZATION",Woman,124000.0000
PHARMACEUTICALS,Man,110833.3333
PHARMACEUTICALS,Woman,97150.8696
"PHARMACEUTICALS / BIOTECH",Woman,160000.0000
"PHARMACEUTICALS R&D",Woman,106000.0000
PHARMACUTICALS,Woman,160000.0000
PHD,Man,19000.0000
PHILANTHROPY,Woman,80015.3846
"PHYSICAL SCIENCES",Man,103000.0000
PLUMBING,Man,30000.0000
"POLICY RESEARCH",Woman,82000.0000
"POLITICAL CAMPAIGN","Other/Prefer not to answer",103000.0000
"POLITICAL CAMPAIGNING",Woman,42000.0000
"POLITICAL CAMPAIGNS",Man,104000.0000
"POLITICAL CAMPAIGNS",Woman,72000.0000
"POLITICAL CONSULTING",Woman,56500.0000
"POLITICAL RESEARCH",Man,40000.0000
POLITICS,Man,90000.0000
POLITICS,Non-binary,64000.0000
POLITICS,"Other/Prefer not to answer",72000.0000
POLITICS,Woman,69142.8571
POLITICS/CAMPAIGNS,Woman,70500.0000
"POLITICS/GOVERNMENT RELATIONS",Woman,108500.0000
"PRE-PRIMARY EDUCATION",Woman,60000.0000
"PRECLINICAL RESEARCH",Woman,82000.0000
"PRINT / MAIL",Man,87000.0000
"PRINT DISTRIBUTOR",Woman,62500.0000
"PRINT PUBLISHING",Man,68500.0000
PRINTING,Man,40000.0000
PRINTING,Woman,61360.0000
"PRIVATE COMPANY, FEDERAL CONTRACTOR",Woman,62000.0000
"PRIVATE EQUITY",Woman,106500.0000
"PRIVATE INVESTIGATOR AT LARGE FIRM",Woman,56000.0000
"PRIVATE SECTOR EMERGENCY MANAGEMENT",Woman,115000.0000
PROBIOTICS,Man,22000.0000
PROCUREMENT,Woman,85750.0000
PROCUREMENT/SOURCING/OPERATIONS,Woman,103000.0000
"PRODUCT MANAGEMENT",Man,115000.0000
"PRODUCT MANAGEMENT",Woman,134125.0000
"PRODUCTION AND MANUFACTURING",Woman,65000.0000
"PROFESSIONAL ASSOCIATION",Woman,56500.0000
"PROFESSIONAL ASSOCIATION IN FINANCE",Woman,140000.0000
"PROFESSIONAL PUBLIC LIBRARIAN",Woman,34500.0000
"PROFESSIONAL REGULATION",Woman,55000.0000
"PROFESSIONAL SERVICES",Woman,79196.2500
"PROFESSIONAL SERVICES / ARCHITECTURE",Woman,78000.0000
"PROFESSIONAL TRAINING",Woman,24000.0000
"PROGRAM MANAGEMENT",Woman,83000.0000
"PROJECT MANAGEMENT",Woman,68812.5000
"PROPERTY  OR CONSTRUCTION",Woman,50955.4286
"PROPERTY MANAGEMENT",Woman,56784.0000
"PROPERTY OR CONSTRUCTION",Man,75871.5075
"PROPERTY OR CONSTRUCTION",Non-binary,66875.0000
"PROPERTY OR CONSTRUCTION","Other/Prefer not to answer",90333.3333
"PROPERTY OR CONSTRUCTION",Woman,68721.6115
"PROTECTIVE COATINGS",Man,56000.0000
PSYCHOLOGIST,Man,60000.0000
PSYCHOLOGY,Woman,120000.0000
"PUBLIC AFFAIRS / PR",Woman,88000.0000
"PUBLIC HEALTH",Man,50500.0000
"PUBLIC HEALTH",Non-binary,65949.0000
"PUBLIC HEALTH",Woman,62428.5714
"PUBLIC HEALTH (NOT MEDICAL)",Non-binary,65000.0000
"PUBLIC HEALTH IN HIGHER EDUCATION",Woman,67000.0000
"PUBLIC HEALTH RESEARCH",Woman,118000.0000
"PUBLIC HEALTH- STATE LEVEL",Woman,71989.0000
"PUBLIC HEALTH, LOCAL GOVERNMENT",Woman,127000.0000
"PUBLIC LIBRARIAN",Woman,41800.0000
"PUBLIC LIBRARIES",Non-binary,29000.0000
"PUBLIC LIBRARIES","Other/Prefer not to answer",61157.0000
"PUBLIC LIBRARIES",Woman,64239.4783
"PUBLIC LIBRARY",Man,58675.0000
"PUBLIC LIBRARY",Non-binary,50910.3333
"PUBLIC LIBRARY",Woman,53980.0426
"PUBLIC LIBRARY (MIGHT BE CONSIDERED GOVERNMENT, BUT THAT ALWAYS SEEMS AN ODD DESIGNATION...)",Woman,65000.0000
"PUBLIC LIBRARY (NON-PROFIT, BUT ALSO GOVERNMENT?)",Woman,62000.0000
"PUBLIC LIBRARY (TECHNICALLY CITY GOVT.?)",Woman,76302.0000
"PUBLIC OPINION RESEARCH",Woman,100000.0000
"PUBLIC POLICY",Woman,53080.0000
"PUBLIC SAFETY",Woman,58955.0000
"PUBLIC/ENVIRONMENTAL HEALTH",Non-binary,47000.0000
"PUBLIC/RESEARCH LIBRARY",Woman,72000.0000
PUBLICATIONS,Man,81000.0000
PUBLISHIBG,Woman,34770.0000
PUBLISHING,Man,80260.0000
PUBLISHING,Non-binary,46666.6667
PUBLISHING,Woman,57297.9500
"PUBLISHING (ACADEMIC)",Woman,52000.0000
"PUBLISHING (BOOK)",Woman,56640.0000
"PUBLISHING, CONTENT AS A SERVICE",Woman,57500.0000
"PUBLISHING: SCIENCE, ACADEMIC, TECHNICAL",Woman,81500.0000
PUBLISHING/EDTECH,Woman,69000.0000
PURCHASING,Woman,70600.0000
"QUALITY ASSURANCE",Man,38700.0000
"QUALITY ASSURANCE LABORATORY",Woman,64500.0000
R&D,Woman,160000.0000
"R&D IN MANUFACTURING",Woman,60000.0000
"REAL ESTATE",Man,106666.6667
"REAL ESTATE",Non-binary,31200.0000
"REAL ESTATE",Woman,66647.8261
"REAL ESTATE / HOUSING",Man,113000.0000
"REAL ESTATE AFFORDABLE HOUSING",Woman,120000.0000
"REAL ESTATE ASSOCIATION",Woman,47000.0000
"REAL ESTATE CORP. OFFICE/NOT A REALTOR",Woman,55000.0000
"REAL ESTATE CUSTOMER CARE",Woman,50000.0000
"REAL ESTATE DEVELOPMENT",Woman,102500.0000
"REAL ESTATE INVESTMENT",Woman,73000.0000
"REAL ESTATE INVESTMENT SUPPORT",Woman,63000.0000
"REAL ESTATE SERVICEA",Man,70000.0000
"REAL ESTATE SERVICES",Woman,47500.0000
"REAL ESTATE SOFTWARE",Woman,114000.0000
"REAL ESTATE TITLE COMPANY",Man,47445.0000
"REAL ESTATE VALUATION",Woman,62000.0000
"REAL ESTATE: TITLE & ESCROW",Non-binary,38563.0000
"REAL ESTATE/ MORTGAGE",Woman,47008.0000
"REAL ESTATE/DEVELOPMENT",Woman,65000.0000
"REAL WORLD EVIDENCE (DATA FOR PHARMA RESEARCH)",Man,181290.0000
"RECRUITMENT  OR HR",Man,44000.0000
"RECRUITMENT  OR HR",Woman,66500.0000
"RECRUITMENT OR  HUMAN RESOURCES",Woman,78000.0000
"RECRUITMENT OR HR",Man,78006.0000
"RECRUITMENT OR HR",Non-binary,61157.2857
"RECRUITMENT OR HR","Other/Prefer not to answer",89720.0000
"RECRUITMENT OR HR",Woman,75422.1340
"REGULATORY AFFAIRS",Man,75000.0000
"REGULATORY AFFAIRS- NUTRACEUTICALS",Woman,70980.0000
RELIGION,Man,100000.0000
RELIGION,Woman,58000.0000
RELIGION/CHURCH,Woman,54000.0000
RELIGIOUS,Man,53000.0000
"RELIGIOUS (CHURCH)",Woman,49500.0000
"RELIGIOUS (SYNAGOGUE)",Woman,62400.0000
"RELIGIOUS EDUCATOR",Woman,31200.0000
"RELIGIOUS INSTITUTE",Woman,32000.0000
"RELIGIOUS INSTITUTION",Woman,54080.0000
"RENEWABLE ENERGY",Non-binary,71077.0000
"RENEWABLE ENERGY",Woman,100541.6667
"RENEWABLE ENERGY DEVELOPMENT",Man,170000.0000
"RENEWABLE FUELS",Woman,72000.0000
"REPAIR FACILITY FOR HEAVY DUTY TRUCKS","Other/Prefer not to answer",65000.0000
RESEARCH,Man,61598.6000
RESEARCH,"Other/Prefer not to answer",87000.0000
RESEARCH,Woman,66157.3030
"RESEARCH  & DEVELOPMENT, FOOD  & BEVERAGE",Woman,50000.0000
"RESEARCH - ACADEMIC",Woman,66000.0000
"RESEARCH - PUBLIC HEALTH",Woman,76000.0000
"RESEARCH (HEALTH)",Woman,74000.0000
"RESEARCH / GOV",Man,83000.0000
"RESEARCH & DEVELOPMENT",Man,65000.0000
"RESEARCH & DEVELOPMENT",Woman,81600.0000
"RESEARCH & DEVELOPMENT (DEFENSE INDUSTRY)",Woman,90000.0000
"RESEARCH & DEVELOPMENT (PHYSICAL SCIENCES)",Woman,130000.0000
"RESEARCH ADMINISTRATION",Woman,53000.0000
"RESEARCH AND DEVELOPMENT",Man,113000.0000
"RESEARCH AND DEVELOPMENT",Woman,116500.0000
"RESEARCH AND DEVELOPMENT ACADEMIA",Woman,74500.0000
"RESEARCH AND EVALUATION",Woman,115000.0000
"RESEARCH AT A NATIONAL LABORATORY",Woman,90000.0000
"RESEARCH AT A STATE UNIVERSITY",Woman,55000.0000
"RESEARCH INSTITUTE",Woman,34000.0000
"RESEARCH SCIENCE",Man,60000.0000
"RESEARCH SCIENCE",Woman,57500.0000
"RESEARCH SCIENTIST, PHARMA",Woman,175000.0000
RESEARCH/ACADEMIA,Woman,43500.0000
"RESEARCH/SOCIAL SCIENCE",Woman,110000.0000
RESTAURANT,Man,22100.0000
RESTAURANT,Non-binary,49050.0000
RESTAURANT,Woman,38000.0000
"RESTAURANT GROUP",Woman,63000.0000
"RESTAURANT/FOOD SERVICE",Woman,35360.0000
RESTAURANT/SERVICE,Woman,107000.0000
"RESTAURANTS & HOSPITALITY",Woman,118000.0000
RESTORATION,Woman,184000.0000
RETAIL,Man,59222.3908
RETAIL,Non-binary,33594.5000
RETAIL,"Other/Prefer not to answer",52886.1538
RETAIL,Woman,57642.0659
"RETAIL CALL CENTER",Woman,55000.0000
"RETAIL MID LEVEL MANAGEMENT",Woman,36000.0000
"RETAIL PHARMACY",Woman,102924.0000
"RETAIL REAL ESTATE",Woman,67000.0000
RETIRED,Woman,13000.0000
RIDESHARE,Woman,48000.0000
"RURAL ELECTRIFICATION",Woman,60000.0000
SAAS,Man,85000.0000
"SAAS COMPANY/SOFTWARE",Woman,160000.0000
"SAILING INSTRUCTOR",Woman,41600.0000
SALES,Man,86973.4375
SALES,Non-binary,37542.8571
SALES,"Other/Prefer not to answer",56150.0000
SALES,Woman,70250.5051
"SALES OPERATIONS",Man,75000.0000
"SALES OPERATIONS",Woman,75500.0000
"SCHOOL DISTRICT PRE-K-12",Woman,40200.0000
SCIENCE,Man,92665.3333
SCIENCE,"Other/Prefer not to answer",44000.0000
SCIENCE,Woman,67376.3333
"SCIENCE  & NATURAL RESOURCE MANAGEMENT",Woman,96000.0000
"SCIENCE - QC LAB",Woman,91794.0000
"SCIENCE (CHEMISTRY R&D)",Woman,123000.0000
"SCIENCE (LABORATORY)",Woman,59000.0000
"SCIENCE (RESEARCH, BIOLOGY)",Woman,55000.0000
"SCIENCE & REASEARCH",Woman,40000.0000
"SCIENCE ACADEMIA",Woman,59000.0000
"SCIENCE PUBLISHING",Woman,103000.0000
"SCIENCE RESEARCH",Non-binary,56763.0000
"SCIENCE RESEARCH",Woman,55750.0000
"SCIENCE RESEARCH, GOVERNMENT",Woman,131000.0000
SCIENCE/BIOTECH,Woman,65000.0000
SCIENCE/GOVERNMENT,Woman,110500.0000
SCIENCE/RESEARCH,Woman,70000.0000
"SCIENCE/RESEARCH (ACADEMIA)",Woman,38784.0000
"SCIENCE/RESEARCH NON-ACADEMIC",Woman,76000.0000
SCIENCES,Woman,35500.0000
SCIENTIFIC,Woman,80000.0000
"SCIENTIFIC ANALYSIS",Woman,70000.0000
"SCIENTIFIC PUBLISHING",Woman,65000.0000
"SCIENTIFIC R&D",Woman,55500.0000
"SCIENTIFIC RESEARCH",Man,80862.5000
"SCIENTIFIC RESEARCH",Woman,71756.1765
"SCIENTIFIC RESEARCH (INDUSTRY)",Woman,122000.0000
SCIENTIST,Man,125000.0000
SCIENTIST,Woman,89750.0000
SECURITY,Woman,67500.0000
"SECURITY AND MANUFACTURING COMPANY",Woman,36000.0000
SERVICE,Woman,70000.0000
"SERVICE AND REPAIR",Woman,51000.0000
"SHARED OFFICE SPACE",Woman,48000.0000
"SIGN LANGUAGE INTERPRETER, COMMUNITY",Woman,124800.0000
"SKILLED TRADE",Woman,80000.0000
"SMALL BUSINESS/SERVICE COMPANY",Woman,41000.0000
"SOCIAL RESEARCH",Woman,34024.0000
"SOCIAL SCIENCE",Woman,129000.0000
"SOCIAL SCIENCE RESEARCH - NOT QUITE ACADEMIA, NOT QUITE NONPROFIT, NOT QUITE CONSULTING",Woman,91000.0000
"SOCIAL SCIENCES RESEARCH",Woman,55000.0000
"SOCIAL WORK",Man,61868.3000
"SOCIAL WORK",Non-binary,53024.0000
"SOCIAL WORK","Other/Prefer not to answer",73000.0000
"SOCIAL WORK",Woman,57033.6104
"SOFT DRINKS MANUFACTURING",Man,48000.0000
SOFTWARE,Man,119000.0000
SOFTWARE,Woman,111425.0000
"SOFTWARE AS A SERVICE SAAS",Woman,68000.0000
"SOFTWARE DEVELOPMENT",Woman,145000.0000
"SOFTWARE DEVELOPMENT / IT",Non-binary,70000.0000
"SOFTWARE PRODUCTS",Woman,115000.0000
SOFTWARE/PROGRAMMING,Woman,190000.0000
SOLDIER,Man,90000.0000
"SOURCING & PROCUREMENT",Woman,105000.0000
SPACE,Woman,75000.0000
"SPECIAL COLLECTIONS LIBRARY",Woman,45000.0000
"SPECIALIST CLOTHING",Woman,72000.0000
"SPECIALIST POLICY CONSULTING/RESEARCH",Woman,25000.0000
"STAFFING & WORKFORCE SOLUTIONS",Woman,59900.0000
"STAFFING AGENCY",Woman,62400.0000
"STAFFING FIRM",Woman,125000.0000
"STAFFING INDUSTRRY",Man,60000.0000
"STATE AND FEDERAL CONTRACTOR",Woman,75000.0000
"STATE DOT",Man,45000.0000
"STATE-LEVEL PUBLIC TRANSPORTATION AGENCY",Man,116000.0000
"STEM MEDICAL RESEARCH",Woman,40000.0000
"STEM RESEARCH",Woman,86500.0000
"STORAGE FACILITY",Woman,120000.0000
STRATEGY,Woman,150000.0000
STUDENT,Man,9360.0000
STUDENT,"Other/Prefer not to answer",0.0000
STUDENT,Woman,42500.0000
"STUDENT PAID INTERN IN COMPUTING",Woman,40000.0000
"SUBSIDIZED SENIORS HOUSING",Woman,45000.0000
"SUMMER CAMP",Woman,52000.0000
"SUPPLY CHAIN",Man,98736.0000
"SUPPLY CHAIN",Woman,90833.3333
"SUPPLY CHAIN DISTRIBUTION",Woman,61800.0000
"SUPPLY CHAIN OPERATIONS",Woman,93000.0000
"SUPPLY CHAIN!",Woman,144656.0000
"SURVEY METHODOLOGY",Woman,71000.0000
"SURVEY RESEARCH/PUBLIC POLICY RESEARCH",Woman,76000.0000
SURVEYING,Man,65640.0000
"SYNTHETIC CHEMICAL MANUFACTURING",Woman,103000.0000
"TABLETOP GAMES PUBLISHING",Man,42000.0000
"TABLETOP GAMING",Man,44850.0000
"TAILORING SERVICE",Woman,35360.0000
TECH,Woman,126000.0000
"TECHNICAL WRITING",Woman,92000.0000
TECHNICAL/CYBERSECURITY,Woman,190000.0000
TECHNICAL/IT,Woman,97000.0000
TECHNOLOGY,Man,58000.0000
TECHNOLOGY,Woman,133666.6667
TECHNOLOGY/SAAS,Woman,87500.0000
TELECOMMUNICATIONS,Woman,78947.0000
"TELECOMMUNICATIONS (GPS)",Woman,84500.0000
"TEXTBOOK COPYEDITOR",Man,56160.0000
THEATRE,Woman,20000.0000
"THINK TANK",Woman,73140.0000
"THIRD SECTOR/NON PROFIT - MEDICAL MEMBERSHIP IN UK",Woman,41206.0000
"TIC (TESTING, INSPECTION & CERTIFICATION)",Man,34000.0000
"TITLE/REAL ESTATE",Non-binary,62500.0000
TOURISM,Woman,20800.0000
"TOURISM/HERITAGE -- BUT FOR A GOVERNMENT BUILDING",Woman,83175.0000
TOXICOLOGY,Woman,57000.0000
"TRADE ASSOCIATION",Woman,124000.0000
"TRADE ASSOCIATION/MEMBERSHIP",Woman,65100.0000
"TRADE ASSOCIATIONS",Woman,67000.0000
"TRADES (SUPPLY CHAIN) OIL AND GAS",Woman,91160.0000
TRAINING,Man,88700.0000
TRAINING,Woman,88000.0000
"TRAINING AND PROFESSIONAL SERVICES",Woman,68700.0000
TRANSLATION,Man,36000.0000
TRANSLATION,Non-binary,35000.0000
TRANSLATION,"Other/Prefer not to answer",48900.0000
TRANSLATION,Woman,45559.0000
"TRANSLATION AND LOCALIZATION",Woman,43000.0000
TRANSLATION/TRANSCRIPTION,Man,38000.0000
"TRANSP ORT  OR LOGISTICS",Man,58000.0000
"TRANSP ORT  OR LOGISTICS",Woman,70270.0000
"TRANSPORT OR LOGISTICS",Man,80481.7867
"TRANSPORT OR LOGISTICS",Non-binary,44309.7143
"TRANSPORT OR LOGISTICS","Other/Prefer not to answer",73000.0000
"TRANSPORT OR LOGISTICS",Woman,72663.7729
TRAVEL,Man,95000.0000
TRAVEL,Woman,145000.0000
"UNDERGRAD STUDENT",Man,10000.0000
"UNION/POLITICAL ORGANIZING",Woman,103586.0000
UNIONS,Man,80000.0000
"UNIVERSITY ADMINISTRATION",Woman,25217.0000
"UNIVERSITY LIBRARIES",Non-binary,54000.0000
"UNIVERSITY RESEARCH",Woman,43000.0000
"UNIVERSITY TECH TRANSFER (HIGHER ED/MARKETING/WRITING)",Woman,36000.0000
UNKNOWN,Man,73166.6667
UNKNOWN,"Other/Prefer not to answer",98000.0000
UNKNOWN,Woman,70001.1273
"URBAN PLANNING",Woman,90461.3333
"USER EXPERIENCE (UX)  RESEARCH",Woman,134000.0000
"USER EXPERIENCE DESIGN","Other/Prefer not to answer",140000.0000
"UTILITIES & TELECOMMUNICATIONS",Man,92813.7857
"UTILITIES & TELECOMMUNICATIONS",Non-binary,48516.0000
"UTILITIES & TELECOMMUNICATIONS","Other/Prefer not to answer",79900.0000
"UTILITIES & TELECOMMUNICATIONS",Woman,82242.8292
"UX RESEARCH",Woman,82000.0000
VET,Man,70000.0000
VETERINARIAN,Woman,78000.0000
VETERINARY,Man,42000.0000
VETERINARY,Woman,43627.7500
"VETERINARY BIOTECH",Woman,89000.0000
"VETERINARY CARE",Woman,36700.0000
"VETERINARY DIAGNOSTICS",Woman,44000.0000
"VETERINARY M&A",Woman,49000.0000
"VETERINARY MEDICINE",Non-binary,34000.0000
"VETERINARY MEDICINE",Woman,107160.0000
"VETERINARY SERVICES",Woman,45000.0000
"VIDEO GAME INDUSTRY",Man,90000.0000
"VIDEO GAMES",Man,95000.0000
"VIDEO GAMES",Non-binary,80000.0000
"VIDEO GAMES",Woman,64910.0000
"VIRTUAL ASSISTING",Woman,41600.0000
"VIRTUAL REALITY",Woman,55000.0000
WAREHOUSE,Man,60000.0000
WAREHOUSE,Woman,38720.0000
"WAREHOUSE- FOOD AND BEVERAGE",Woman,47500.0000
WAREHOUSING,Man,32750.0000
"WASTE AND RECYCLING",Non-binary,37000.0000
"WASTE MANAGEMENT",Woman,140000.0000
"WEALTH ADVISOR RESEARCH",Woman,50000.0000
"WHEREVER I'M ASSIGNED VIA THE UNION",Woman,72800.0000
WHOLESALE,Woman,69000.0000
"WHOLESALE - APPAREL",Woman,90000.0000
"WHOLESALE AND RETAIL TRADE",Woman,25000.0000
"WHOLESALE DISTRIBUTION",Man,100006.0000
"WHOLESALE DISTRIBUTION",Woman,81000.0000
"WHOLESALE DISTRIBUTION B2B",Woman,60000.0000
"WHOLESALE INDUSTRIAL & WELDING SUPPLIES & EQUIPMENT",Woman,50000.0000
"WHOLESALE SUPPLIER",Man,76147.0000
"WHOLESALE TEXTILE MANUFACTURE & SALES",Woman,38000.0000
"WHOLESALE TRADE",Woman,50000.0000
WHOLESALE/DISTRBUTION,Woman,37500.0000
WINE,Woman,72000.0000
"WINE & SPIRITS",Woman,105000.0000
"WINE IMPORTING/DISTRIBUTION",Woman,33000.0000
"WINE WHOLESALE",Woman,85000.0000
"WINERY REGULATORY COMPLIANCE",Woman,61500.0000
WORK-STUDY,Non-binary,16000.0000
"WORKFORCE DEVELOPMENT",Woman,52000.0000
"WRITING AND JOURNALISM",Woman,56000.0000
ZOO,Woman,58000.0000
"ZOOS AND AQUARIUMS",Man,37419.0000
